entry_id	FPR	TPR	marker	original_marker	apparent_auc
18	0	0	HSP90AA1 (AUC=0.872)	HSP90AA1	0.8725
18	0	0.025	HSP90AA1 (AUC=0.872)	HSP90AA1	0.8725
18	0	0.05	HSP90AA1 (AUC=0.872)	HSP90AA1	0.8725
18	0	0.075	HSP90AA1 (AUC=0.872)	HSP90AA1	0.8725
18	0	0.1	HSP90AA1 (AUC=0.872)	HSP90AA1	0.8725
18	0	0.125	HSP90AA1 (AUC=0.872)	HSP90AA1	0.8725
18	0	0.15	HSP90AA1 (AUC=0.872)	HSP90AA1	0.8725
18	0	0.175	HSP90AA1 (AUC=0.872)	HSP90AA1	0.8725
18	0	0.2	HSP90AA1 (AUC=0.872)	HSP90AA1	0.8725
18	0	0.225	HSP90AA1 (AUC=0.872)	HSP90AA1	0.8725
18	0	0.25	HSP90AA1 (AUC=0.872)	HSP90AA1	0.8725
18	0	0.275	HSP90AA1 (AUC=0.872)	HSP90AA1	0.8725
18	0	0.3	HSP90AA1 (AUC=0.872)	HSP90AA1	0.8725
18	0	0.325	HSP90AA1 (AUC=0.872)	HSP90AA1	0.8725
18	0	0.35	HSP90AA1 (AUC=0.872)	HSP90AA1	0.8725
18	0	0.375	HSP90AA1 (AUC=0.872)	HSP90AA1	0.8725
18	0	0.4	HSP90AA1 (AUC=0.872)	HSP90AA1	0.8725
18	0	0.425	HSP90AA1 (AUC=0.872)	HSP90AA1	0.8725
18	0	0.45	HSP90AA1 (AUC=0.872)	HSP90AA1	0.8725
18	0	0.475	HSP90AA1 (AUC=0.872)	HSP90AA1	0.8725
18	0	0.5	HSP90AA1 (AUC=0.872)	HSP90AA1	0.8725
18	0	0.525	HSP90AA1 (AUC=0.872)	HSP90AA1	0.8725
18	0	0.55	HSP90AA1 (AUC=0.872)	HSP90AA1	0.8725
18	0	0.575	HSP90AA1 (AUC=0.872)	HSP90AA1	0.8725
18	0	0.6	HSP90AA1 (AUC=0.872)	HSP90AA1	0.8725
18	0	0.625	HSP90AA1 (AUC=0.872)	HSP90AA1	0.8725
18	0	0.65	HSP90AA1 (AUC=0.872)	HSP90AA1	0.8725
18	0	0.675	HSP90AA1 (AUC=0.872)	HSP90AA1	0.8725
18	0	0.7	HSP90AA1 (AUC=0.872)	HSP90AA1	0.8725
18	0	0.725	HSP90AA1 (AUC=0.872)	HSP90AA1	0.8725
18	0.05	0.725	HSP90AA1 (AUC=0.872)	HSP90AA1	0.8725
18	0.05	0.75	HSP90AA1 (AUC=0.872)	HSP90AA1	0.8725
18	0.05	0.775	HSP90AA1 (AUC=0.872)	HSP90AA1	0.8725
18	0.1	0.775	HSP90AA1 (AUC=0.872)	HSP90AA1	0.8725
18	0.15	0.775	HSP90AA1 (AUC=0.872)	HSP90AA1	0.8725
18	0.15	0.8	HSP90AA1 (AUC=0.872)	HSP90AA1	0.8725
18	0.2	0.8	HSP90AA1 (AUC=0.872)	HSP90AA1	0.8725
18	0.25	0.8	HSP90AA1 (AUC=0.872)	HSP90AA1	0.8725
18	0.3	0.8	HSP90AA1 (AUC=0.872)	HSP90AA1	0.8725
18	0.35	0.8	HSP90AA1 (AUC=0.872)	HSP90AA1	0.8725
18	0.4	0.8	HSP90AA1 (AUC=0.872)	HSP90AA1	0.8725
18	0.45	0.8	HSP90AA1 (AUC=0.872)	HSP90AA1	0.8725
18	0.5	0.8	HSP90AA1 (AUC=0.872)	HSP90AA1	0.8725
18	0.5	0.825	HSP90AA1 (AUC=0.872)	HSP90AA1	0.8725
18	0.5	0.85	HSP90AA1 (AUC=0.872)	HSP90AA1	0.8725
18	0.5	0.875	HSP90AA1 (AUC=0.872)	HSP90AA1	0.8725
18	0.55	0.875	HSP90AA1 (AUC=0.872)	HSP90AA1	0.8725
18	0.55	0.9	HSP90AA1 (AUC=0.872)	HSP90AA1	0.8725
18	0.6	0.9	HSP90AA1 (AUC=0.872)	HSP90AA1	0.8725
18	0.6	0.925	HSP90AA1 (AUC=0.872)	HSP90AA1	0.8725
18	0.65	0.925	HSP90AA1 (AUC=0.872)	HSP90AA1	0.8725
18	0.65	0.95	HSP90AA1 (AUC=0.872)	HSP90AA1	0.8725
18	0.65	0.975	HSP90AA1 (AUC=0.872)	HSP90AA1	0.8725
18	0.7	0.975	HSP90AA1 (AUC=0.872)	HSP90AA1	0.8725
18	0.75	0.975	HSP90AA1 (AUC=0.872)	HSP90AA1	0.8725
18	0.8	0.975	HSP90AA1 (AUC=0.872)	HSP90AA1	0.8725
18	0.85	0.975	HSP90AA1 (AUC=0.872)	HSP90AA1	0.8725
18	0.9	0.975	HSP90AA1 (AUC=0.872)	HSP90AA1	0.8725
18	0.9	1	HSP90AA1 (AUC=0.872)	HSP90AA1	0.8725
18	0.95	1	HSP90AA1 (AUC=0.872)	HSP90AA1	0.8725
18	1	1	HSP90AA1 (AUC=0.872)	HSP90AA1	0.8725
33	0	0	HSP90AA1 (AUC=0.827)	HSP90AA1	0.827256944444444
33	0	0.0208333333333333	HSP90AA1 (AUC=0.827)	HSP90AA1	0.827256944444444
33	0	0.0416666666666667	HSP90AA1 (AUC=0.827)	HSP90AA1	0.827256944444444
33	0	0.0625	HSP90AA1 (AUC=0.827)	HSP90AA1	0.827256944444444
33	0	0.0833333333333333	HSP90AA1 (AUC=0.827)	HSP90AA1	0.827256944444444
33	0	0.104166666666667	HSP90AA1 (AUC=0.827)	HSP90AA1	0.827256944444444
33	0	0.125	HSP90AA1 (AUC=0.827)	HSP90AA1	0.827256944444444
33	0	0.145833333333333	HSP90AA1 (AUC=0.827)	HSP90AA1	0.827256944444444
33	0	0.166666666666667	HSP90AA1 (AUC=0.827)	HSP90AA1	0.827256944444444
33	0	0.1875	HSP90AA1 (AUC=0.827)	HSP90AA1	0.827256944444444
33	0	0.208333333333333	HSP90AA1 (AUC=0.827)	HSP90AA1	0.827256944444444
33	0	0.229166666666667	HSP90AA1 (AUC=0.827)	HSP90AA1	0.827256944444444
33	0	0.25	HSP90AA1 (AUC=0.827)	HSP90AA1	0.827256944444444
33	0	0.270833333333333	HSP90AA1 (AUC=0.827)	HSP90AA1	0.827256944444444
33	0	0.291666666666667	HSP90AA1 (AUC=0.827)	HSP90AA1	0.827256944444444
33	0	0.3125	HSP90AA1 (AUC=0.827)	HSP90AA1	0.827256944444444
33	0	0.333333333333333	HSP90AA1 (AUC=0.827)	HSP90AA1	0.827256944444444
33	0	0.354166666666667	HSP90AA1 (AUC=0.827)	HSP90AA1	0.827256944444444
33	0	0.375	HSP90AA1 (AUC=0.827)	HSP90AA1	0.827256944444444
33	0	0.395833333333333	HSP90AA1 (AUC=0.827)	HSP90AA1	0.827256944444444
33	0	0.416666666666667	HSP90AA1 (AUC=0.827)	HSP90AA1	0.827256944444444
33	0	0.4375	HSP90AA1 (AUC=0.827)	HSP90AA1	0.827256944444444
33	0	0.458333333333333	HSP90AA1 (AUC=0.827)	HSP90AA1	0.827256944444444
33	0	0.479166666666667	HSP90AA1 (AUC=0.827)	HSP90AA1	0.827256944444444
33	0	0.5	HSP90AA1 (AUC=0.827)	HSP90AA1	0.827256944444444
33	0.0416666666666666	0.5	HSP90AA1 (AUC=0.827)	HSP90AA1	0.827256944444444
33	0.0416666666666666	0.520833333333333	HSP90AA1 (AUC=0.827)	HSP90AA1	0.827256944444444
33	0.0833333333333334	0.520833333333333	HSP90AA1 (AUC=0.827)	HSP90AA1	0.827256944444444
33	0.0833333333333334	0.541666666666667	HSP90AA1 (AUC=0.827)	HSP90AA1	0.827256944444444
33	0.0833333333333334	0.5625	HSP90AA1 (AUC=0.827)	HSP90AA1	0.827256944444444
33	0.0833333333333334	0.583333333333333	HSP90AA1 (AUC=0.827)	HSP90AA1	0.827256944444444
33	0.0833333333333334	0.604166666666667	HSP90AA1 (AUC=0.827)	HSP90AA1	0.827256944444444
33	0.0833333333333334	0.625	HSP90AA1 (AUC=0.827)	HSP90AA1	0.827256944444444
33	0.125	0.625	HSP90AA1 (AUC=0.827)	HSP90AA1	0.827256944444444
33	0.125	0.645833333333333	HSP90AA1 (AUC=0.827)	HSP90AA1	0.827256944444444
33	0.166666666666667	0.645833333333333	HSP90AA1 (AUC=0.827)	HSP90AA1	0.827256944444444
33	0.166666666666667	0.666666666666667	HSP90AA1 (AUC=0.827)	HSP90AA1	0.827256944444444
33	0.166666666666667	0.6875	HSP90AA1 (AUC=0.827)	HSP90AA1	0.827256944444444
33	0.208333333333333	0.6875	HSP90AA1 (AUC=0.827)	HSP90AA1	0.827256944444444
33	0.25	0.6875	HSP90AA1 (AUC=0.827)	HSP90AA1	0.827256944444444
33	0.25	0.708333333333333	HSP90AA1 (AUC=0.827)	HSP90AA1	0.827256944444444
33	0.25	0.729166666666667	HSP90AA1 (AUC=0.827)	HSP90AA1	0.827256944444444
33	0.291666666666667	0.729166666666667	HSP90AA1 (AUC=0.827)	HSP90AA1	0.827256944444444
33	0.291666666666667	0.75	HSP90AA1 (AUC=0.827)	HSP90AA1	0.827256944444444
33	0.291666666666667	0.770833333333333	HSP90AA1 (AUC=0.827)	HSP90AA1	0.827256944444444
33	0.291666666666667	0.791666666666667	HSP90AA1 (AUC=0.827)	HSP90AA1	0.827256944444444
33	0.333333333333333	0.791666666666667	HSP90AA1 (AUC=0.827)	HSP90AA1	0.827256944444444
33	0.333333333333333	0.8125	HSP90AA1 (AUC=0.827)	HSP90AA1	0.827256944444444
33	0.375	0.8125	HSP90AA1 (AUC=0.827)	HSP90AA1	0.827256944444444
33	0.375	0.833333333333333	HSP90AA1 (AUC=0.827)	HSP90AA1	0.827256944444444
33	0.416666666666667	0.833333333333333	HSP90AA1 (AUC=0.827)	HSP90AA1	0.827256944444444
33	0.416666666666667	0.854166666666667	HSP90AA1 (AUC=0.827)	HSP90AA1	0.827256944444444
33	0.458333333333333	0.854166666666667	HSP90AA1 (AUC=0.827)	HSP90AA1	0.827256944444444
33	0.458333333333333	0.875	HSP90AA1 (AUC=0.827)	HSP90AA1	0.827256944444444
33	0.5	0.875	HSP90AA1 (AUC=0.827)	HSP90AA1	0.827256944444444
33	0.5	0.895833333333333	HSP90AA1 (AUC=0.827)	HSP90AA1	0.827256944444444
33	0.541666666666667	0.895833333333333	HSP90AA1 (AUC=0.827)	HSP90AA1	0.827256944444444
33	0.583333333333333	0.895833333333333	HSP90AA1 (AUC=0.827)	HSP90AA1	0.827256944444444
33	0.625	0.895833333333333	HSP90AA1 (AUC=0.827)	HSP90AA1	0.827256944444444
33	0.625	0.916666666666667	HSP90AA1 (AUC=0.827)	HSP90AA1	0.827256944444444
33	0.666666666666667	0.916666666666667	HSP90AA1 (AUC=0.827)	HSP90AA1	0.827256944444444
33	0.666666666666667	0.9375	HSP90AA1 (AUC=0.827)	HSP90AA1	0.827256944444444
33	0.666666666666667	0.958333333333333	HSP90AA1 (AUC=0.827)	HSP90AA1	0.827256944444444
33	0.708333333333333	0.958333333333333	HSP90AA1 (AUC=0.827)	HSP90AA1	0.827256944444444
33	0.75	0.958333333333333	HSP90AA1 (AUC=0.827)	HSP90AA1	0.827256944444444
33	0.791666666666667	0.958333333333333	HSP90AA1 (AUC=0.827)	HSP90AA1	0.827256944444444
33	0.833333333333333	0.958333333333333	HSP90AA1 (AUC=0.827)	HSP90AA1	0.827256944444444
33	0.875	0.958333333333333	HSP90AA1 (AUC=0.827)	HSP90AA1	0.827256944444444
33	0.916666666666667	0.958333333333333	HSP90AA1 (AUC=0.827)	HSP90AA1	0.827256944444444
33	0.958333333333333	0.958333333333333	HSP90AA1 (AUC=0.827)	HSP90AA1	0.827256944444444
33	0.958333333333333	0.979166666666667	HSP90AA1 (AUC=0.827)	HSP90AA1	0.827256944444444
33	1	0.979166666666667	HSP90AA1 (AUC=0.827)	HSP90AA1	0.827256944444444
33	1	1	HSP90AA1 (AUC=0.827)	HSP90AA1	0.827256944444444
20	0	0	HSP90AA1 (AUC=0.739)	HSP90AA1	0.739495798319328
20	0	0.0588235294117647	HSP90AA1 (AUC=0.739)	HSP90AA1	0.739495798319328
20	0	0.117647058823529	HSP90AA1 (AUC=0.739)	HSP90AA1	0.739495798319328
20	0	0.176470588235294	HSP90AA1 (AUC=0.739)	HSP90AA1	0.739495798319328
20	0	0.235294117647059	HSP90AA1 (AUC=0.739)	HSP90AA1	0.739495798319328
20	0	0.294117647058824	HSP90AA1 (AUC=0.739)	HSP90AA1	0.739495798319328
20	0.0714285714285714	0.294117647058824	HSP90AA1 (AUC=0.739)	HSP90AA1	0.739495798319328
20	0.0714285714285714	0.352941176470588	HSP90AA1 (AUC=0.739)	HSP90AA1	0.739495798319328
20	0.0714285714285714	0.411764705882353	HSP90AA1 (AUC=0.739)	HSP90AA1	0.739495798319328
20	0.0714285714285714	0.470588235294118	HSP90AA1 (AUC=0.739)	HSP90AA1	0.739495798319328
20	0.0714285714285714	0.529411764705882	HSP90AA1 (AUC=0.739)	HSP90AA1	0.739495798319328
20	0.0714285714285714	0.588235294117647	HSP90AA1 (AUC=0.739)	HSP90AA1	0.739495798319328
20	0.142857142857143	0.588235294117647	HSP90AA1 (AUC=0.739)	HSP90AA1	0.739495798319328
20	0.142857142857143	0.647058823529412	HSP90AA1 (AUC=0.739)	HSP90AA1	0.739495798319328
20	0.142857142857143	0.705882352941177	HSP90AA1 (AUC=0.739)	HSP90AA1	0.739495798319328
20	0.214285714285714	0.705882352941177	HSP90AA1 (AUC=0.739)	HSP90AA1	0.739495798319328
20	0.285714285714286	0.705882352941177	HSP90AA1 (AUC=0.739)	HSP90AA1	0.739495798319328
20	0.357142857142857	0.705882352941177	HSP90AA1 (AUC=0.739)	HSP90AA1	0.739495798319328
20	0.428571428571429	0.705882352941177	HSP90AA1 (AUC=0.739)	HSP90AA1	0.739495798319328
20	0.5	0.705882352941177	HSP90AA1 (AUC=0.739)	HSP90AA1	0.739495798319328
20	0.5	0.764705882352941	HSP90AA1 (AUC=0.739)	HSP90AA1	0.739495798319328
20	0.571428571428571	0.764705882352941	HSP90AA1 (AUC=0.739)	HSP90AA1	0.739495798319328
20	0.571428571428571	0.823529411764706	HSP90AA1 (AUC=0.739)	HSP90AA1	0.739495798319328
20	0.642857142857143	0.823529411764706	HSP90AA1 (AUC=0.739)	HSP90AA1	0.739495798319328
20	0.714285714285714	0.823529411764706	HSP90AA1 (AUC=0.739)	HSP90AA1	0.739495798319328
20	0.714285714285714	0.88235294117647	HSP90AA1 (AUC=0.739)	HSP90AA1	0.739495798319328
20	0.785714285714286	0.88235294117647	HSP90AA1 (AUC=0.739)	HSP90AA1	0.739495798319328
20	0.857142857142857	0.88235294117647	HSP90AA1 (AUC=0.739)	HSP90AA1	0.739495798319328
20	0.928571428571429	0.88235294117647	HSP90AA1 (AUC=0.739)	HSP90AA1	0.739495798319328
20	1	0.88235294117647	HSP90AA1 (AUC=0.739)	HSP90AA1	0.739495798319328
20	1	0.941176470588235	HSP90AA1 (AUC=0.739)	HSP90AA1	0.739495798319328
20	1	1	HSP90AA1 (AUC=0.739)	HSP90AA1	0.739495798319328
37	0	0	HSP90AA1 (AUC=0.630)	HSP90AA1	0.630067567567568
37	0	0.027027027027027	HSP90AA1 (AUC=0.630)	HSP90AA1	0.630067567567568
37	0	0.0540540540540541	HSP90AA1 (AUC=0.630)	HSP90AA1	0.630067567567568
37	0	0.0810810810810811	HSP90AA1 (AUC=0.630)	HSP90AA1	0.630067567567568
37	0	0.108108108108108	HSP90AA1 (AUC=0.630)	HSP90AA1	0.630067567567568
37	0.0625	0.108108108108108	HSP90AA1 (AUC=0.630)	HSP90AA1	0.630067567567568
37	0.0625	0.135135135135135	HSP90AA1 (AUC=0.630)	HSP90AA1	0.630067567567568
37	0.125	0.135135135135135	HSP90AA1 (AUC=0.630)	HSP90AA1	0.630067567567568
37	0.125	0.162162162162162	HSP90AA1 (AUC=0.630)	HSP90AA1	0.630067567567568
37	0.1875	0.162162162162162	HSP90AA1 (AUC=0.630)	HSP90AA1	0.630067567567568
37	0.1875	0.189189189189189	HSP90AA1 (AUC=0.630)	HSP90AA1	0.630067567567568
37	0.1875	0.216216216216216	HSP90AA1 (AUC=0.630)	HSP90AA1	0.630067567567568
37	0.1875	0.243243243243243	HSP90AA1 (AUC=0.630)	HSP90AA1	0.630067567567568
37	0.1875	0.27027027027027	HSP90AA1 (AUC=0.630)	HSP90AA1	0.630067567567568
37	0.1875	0.297297297297297	HSP90AA1 (AUC=0.630)	HSP90AA1	0.630067567567568
37	0.1875	0.324324324324324	HSP90AA1 (AUC=0.630)	HSP90AA1	0.630067567567568
37	0.25	0.324324324324324	HSP90AA1 (AUC=0.630)	HSP90AA1	0.630067567567568
37	0.25	0.351351351351351	HSP90AA1 (AUC=0.630)	HSP90AA1	0.630067567567568
37	0.25	0.378378378378378	HSP90AA1 (AUC=0.630)	HSP90AA1	0.630067567567568
37	0.25	0.405405405405405	HSP90AA1 (AUC=0.630)	HSP90AA1	0.630067567567568
37	0.25	0.432432432432432	HSP90AA1 (AUC=0.630)	HSP90AA1	0.630067567567568
37	0.25	0.45945945945946	HSP90AA1 (AUC=0.630)	HSP90AA1	0.630067567567568
37	0.25	0.486486486486487	HSP90AA1 (AUC=0.630)	HSP90AA1	0.630067567567568
37	0.25	0.513513513513513	HSP90AA1 (AUC=0.630)	HSP90AA1	0.630067567567568
37	0.25	0.540540540540541	HSP90AA1 (AUC=0.630)	HSP90AA1	0.630067567567568
37	0.3125	0.540540540540541	HSP90AA1 (AUC=0.630)	HSP90AA1	0.630067567567568
37	0.3125	0.567567567567568	HSP90AA1 (AUC=0.630)	HSP90AA1	0.630067567567568
37	0.3125	0.594594594594595	HSP90AA1 (AUC=0.630)	HSP90AA1	0.630067567567568
37	0.375	0.594594594594595	HSP90AA1 (AUC=0.630)	HSP90AA1	0.630067567567568
37	0.375	0.621621621621622	HSP90AA1 (AUC=0.630)	HSP90AA1	0.630067567567568
37	0.375	0.648648648648649	HSP90AA1 (AUC=0.630)	HSP90AA1	0.630067567567568
37	0.4375	0.648648648648649	HSP90AA1 (AUC=0.630)	HSP90AA1	0.630067567567568
37	0.4375	0.675675675675676	HSP90AA1 (AUC=0.630)	HSP90AA1	0.630067567567568
37	0.5	0.675675675675676	HSP90AA1 (AUC=0.630)	HSP90AA1	0.630067567567568
37	0.5	0.702702702702703	HSP90AA1 (AUC=0.630)	HSP90AA1	0.630067567567568
37	0.5625	0.702702702702703	HSP90AA1 (AUC=0.630)	HSP90AA1	0.630067567567568
37	0.5625	0.72972972972973	HSP90AA1 (AUC=0.630)	HSP90AA1	0.630067567567568
37	0.625	0.72972972972973	HSP90AA1 (AUC=0.630)	HSP90AA1	0.630067567567568
37	0.625	0.756756756756757	HSP90AA1 (AUC=0.630)	HSP90AA1	0.630067567567568
37	0.625	0.783783783783784	HSP90AA1 (AUC=0.630)	HSP90AA1	0.630067567567568
37	0.625	0.810810810810811	HSP90AA1 (AUC=0.630)	HSP90AA1	0.630067567567568
37	0.625	0.837837837837838	HSP90AA1 (AUC=0.630)	HSP90AA1	0.630067567567568
37	0.6875	0.837837837837838	HSP90AA1 (AUC=0.630)	HSP90AA1	0.630067567567568
37	0.6875	0.864864864864865	HSP90AA1 (AUC=0.630)	HSP90AA1	0.630067567567568
37	0.6875	0.891891891891892	HSP90AA1 (AUC=0.630)	HSP90AA1	0.630067567567568
37	0.75	0.891891891891892	HSP90AA1 (AUC=0.630)	HSP90AA1	0.630067567567568
37	0.8125	0.891891891891892	HSP90AA1 (AUC=0.630)	HSP90AA1	0.630067567567568
37	0.875	0.891891891891892	HSP90AA1 (AUC=0.630)	HSP90AA1	0.630067567567568
37	0.875	0.918918918918919	HSP90AA1 (AUC=0.630)	HSP90AA1	0.630067567567568
37	0.875	0.945945945945946	HSP90AA1 (AUC=0.630)	HSP90AA1	0.630067567567568
37	0.875	0.972972972972973	HSP90AA1 (AUC=0.630)	HSP90AA1	0.630067567567568
37	0.9375	0.972972972972973	HSP90AA1 (AUC=0.630)	HSP90AA1	0.630067567567568
37	1	0.972972972972973	HSP90AA1 (AUC=0.630)	HSP90AA1	0.630067567567568
37	1	1	HSP90AA1 (AUC=0.630)	HSP90AA1	0.630067567567568
11	0	0	HSP90AA1 (AUC=1.000)	HSP90AA1	1
11	0	0.333333333333333	HSP90AA1 (AUC=1.000)	HSP90AA1	1
11	0	0.666666666666667	HSP90AA1 (AUC=1.000)	HSP90AA1	1
11	0	1	HSP90AA1 (AUC=1.000)	HSP90AA1	1
11	0.333333333333333	1	HSP90AA1 (AUC=1.000)	HSP90AA1	1
11	0.666666666666667	1	HSP90AA1 (AUC=1.000)	HSP90AA1	1
11	1	1	HSP90AA1 (AUC=1.000)	HSP90AA1	1
47	0	0	HSP90AA1 (AUC=1.000)	HSP90AA1	1
47	0	0.333333333333333	HSP90AA1 (AUC=1.000)	HSP90AA1	1
47	0	0.666666666666667	HSP90AA1 (AUC=1.000)	HSP90AA1	1
47	0	1	HSP90AA1 (AUC=1.000)	HSP90AA1	1
47	0.333333333333333	1	HSP90AA1 (AUC=1.000)	HSP90AA1	1
47	0.666666666666667	1	HSP90AA1 (AUC=1.000)	HSP90AA1	1
47	1	1	HSP90AA1 (AUC=1.000)	HSP90AA1	1
