Package	Version	Priority	Built	SystemRequirements
abind	1.4-8		4.5.0	
adabag	5.1		4.5.0	
annotate	1.88.0		4.5.2	
AnnotationDbi	1.72.0		4.5.1	
ape	5.8-1		4.5.0	
aplot	0.2.9		4.5.0	
argparse	2.3.1		4.5.0	python (>= 3.2)
ash	1.0-15		4.5.0	
AsioHeaders	1.30.2-1		4.5.0	
askpass	1.2.1		4.5.0	
assertthat	0.2.1		4.5.0	
babelgene	22.9		4.5.0	
backports	1.5.0		4.5.0	
base64enc	0.1-3		4.5.0	
BH	1.87.0-1		4.5.0	
Biobase	2.70.0		4.5.1	
BiocBaseUtils	1.12.0		4.5.1	
BiocFileCache	3.0.0		4.5.1	
BiocGenerics	0.56.0		4.5.1	
BiocIO	1.20.0		4.5.1	
BiocManager	1.30.27		4.5.2	
BiocParallel	1.44.0		4.5.1	C++11
BiocVersion	3.22.0		4.5.1	
biomaRt	2.66.0		4.5.1	
Biostrings	2.78.0		4.5.1	
bit	4.6.0		4.5.0	
bit64	4.6.0-1		4.5.0	
bitops	1.0-9		4.5.0	
blob	1.2.4		4.5.0	
brew	1.0-10		4.5.0	
brio	1.1.5		4.5.0	
broom	1.0.10		4.5.0	
bslib	0.9.0		4.5.0	
C50	0.2.0		4.5.0	
cachem	1.1.0		4.5.0	
calibrate	1.7.7		4.5.0	
callr	3.7.6		4.5.0	
car	3.1-3		4.5.0	
carData	3.0-5		4.5.0	
caret	7.0-1		4.5.0	
caTools	1.18.3		4.5.0	
cellranger	1.1.0		4.5.0	
checkmate	2.3.3		4.5.0	
chromote	0.5.1		4.5.0	Google Chrome or other Chromium-based browser. chromium: chromium (rpm) or chromium-browser (deb)
chron	2.3-62		4.5.0	
cigarillo	1.0.0		4.5.1	
circlize	0.4.16		4.5.0	
classInt	0.4-11		4.5.0	
cli	3.6.5		4.5.0	
clipr	0.8.0		4.5.0	xclip (https://github.com/astrand/xclip) or xsel (http://www.vergenet.net/~conrad/software/xsel/) for accessing the X11 clipboard, or wl-clipboard (https://github.com/bugaevc/wl-clipboard) for systems using Wayland.
clock	0.7.3		4.5.0	
clue	0.3-66		4.5.0	
clusterProfiler	4.18.2		4.5.2	
collections	0.3.11		4.5.2	
colorspace	2.1-2		4.5.0	
colourpicker	1.3.0		4.5.0	
combinat	0.0-8		4.5.0	
commonmark	2.0.0		4.5.0	
ComplexHeatmap	2.26.0		4.5.1	
conflicted	1.2.0		4.5.0	
ConsRank	2.1.5		4.5.0	
corpcor	1.6.10		4.5.0	
corrplot	0.95		4.5.0	
covr	3.6.5		4.5.0	
cowplot	1.2.0		4.5.0	
cpp11	0.5.2		4.5.0	
crayon	1.5.3		4.5.0	
crosstalk	1.2.2		4.5.0	
Cubist	0.5.1		4.5.0	
curl	7.0.0		4.5.0	libcurl (>= 7.73): libcurl-devel (rpm) or libcurl4-openssl-dev (deb)
data.table	1.17.8		4.5.0	
DBI	1.2.3		4.5.0	
dbplyr	2.5.1		4.5.0	
DelayedArray	0.36.0		4.5.1	
dendextend	1.19.1		4.5.0	
DEoptimR	1.1-4		4.5.0	
Deriv	4.2.0		4.5.0	
desc	1.4.3		4.5.0	
diagram	1.6.5		4.5.0	
diffobj	0.3.6		4.5.0	
digest	0.6.37		4.5.0	
doBy	4.7.0		4.5.0	
doParallel	1.0.17		4.5.0	
doRNG	1.8.6.2		4.5.0	
DOSE	4.4.0		4.5.1	
dplyr	1.1.4		4.5.0	
DT	0.34.0		4.5.0	
dtplyr	1.3.2		4.5.0	
dynamicTreeCut	1.63-1		4.5.0	
DynDoc	1.88.0		4.5.1	
e1071	1.7-17		4.5.2	
earth	5.3.5		4.5.2	
edgeR	4.8.0		4.5.1	
ellipse	0.5.0		4.5.0	
emmeans	2.0.0		4.5.0	
enrichplot	1.30.3		4.5.2	
estimability	1.5.1		4.5.0	
evaluate	1.0.5		4.5.0	
exactRankTests	0.8-35		4.5.0	
extrafont	0.20		4.5.0	
extrafontdb	1.1		4.5.0	
factoextra	1.0.7		4.5.0	
FactoMineR	2.12		4.5.0	
farver	2.1.2		4.5.0	
fastcluster	1.3.0		4.5.0	
fastmap	1.2.0		4.5.0	
fastmatch	1.1-6		4.5.0	
fastshap	0.1.1		4.5.0	
fgsea	1.36.0		4.5.1	
filelock	1.0.3		4.5.0	
findpython	1.0.9		4.5.0	
flashClust	1.01-2		4.5.0	
fontawesome	0.5.3		4.5.0	
fontBitstreamVera	0.1.1		4.5.0	
fontLiberation	0.1.0		4.5.0	
fontquiver	0.2.1		4.5.0	
forcats	1.0.1		4.5.0	
foreach	1.5.2		4.5.0	
formatR	1.14		4.5.0	
Formula	1.2-5		4.5.0	
fs	1.6.6		4.5.0	GNU make
futile.logger	1.4.3		4.5.0	
futile.options	1.0.1		4.5.0	
future	1.67.0		4.5.0	
future.apply	1.20.0		4.5.0	
gam	1.22-7		4.5.2	
gargle	1.6.0		4.5.0	
gbm	2.2.2		4.5.0	
gdtools	0.4.4		4.5.0	cairo, freetype2, fontconfig
genefilter	1.92.0		4.5.2	
generics	0.1.4		4.5.0	
GenomicAlignments	1.46.0		4.5.1	
GenomicRanges	1.62.1		4.5.2	
GEOquery	2.78.0		4.5.1	
GetoptLong	1.1.0		4.5.2	Perl, Getopt::Long
ggalt	0.6.1		4.5.2	
ggforce	0.5.0		4.5.0	
ggfun	0.2.0		4.5.0	
gghalves	0.1.4		4.5.0	
ggiraph	0.9.2		4.5.0	libpng
ggnewscale	0.5.2		4.5.0	
ggplot2	4.0.0		4.5.0	
ggplotify	0.1.3		4.5.0	
ggpubr	0.6.3		4.5.2	
ggraph	2.2.2		4.5.0	
ggrepel	0.9.6		4.5.0	
ggsci	4.1.0		4.5.0	
ggsignif	0.6.4		4.5.0	
ggtangle	0.0.8		4.5.0	
ggtext	0.1.2		4.5.0	
ggtree	4.0.1		4.5.1	
glmnet	4.1-10		4.5.0	C++17
GlobalOptions	0.1.2		4.5.0	
globals	0.18.0		4.5.0	
glue	1.8.0		4.5.0	
gmm	1.9-1		4.5.0	
GO.db	3.22.0		4.5.2	
googledrive	2.1.2		4.5.0	
googlesheets4	1.1.2		4.5.0	
GOSemSim	2.36.0		4.5.1	
gower	1.0.2		4.5.0	
gplots	3.2.0		4.5.0	
graphlayouts	1.2.2		4.5.0	
gridExtra	2.3		4.5.0	
gridGraphics	0.5-1		4.5.0	
gridtext	0.1.5		4.5.0	C++11
gsignal	0.3-7		4.5.0	
gson	0.1.0		4.5.0	
gsubfn	0.7		4.5.0	
gtable	0.3.6		4.5.0	
gtools	3.9.5		4.5.0	
hardhat	1.4.2		4.5.0	
hash	2.2.6.3		4.5.0	
haven	2.5.5		4.5.0	GNU make, zlib: zlib1g-dev (deb), zlib-devel (rpm)
here	1.0.2		4.5.0	
HGNChelper	0.8.15		4.5.0	
highr	0.11		4.5.0	
Hmisc	5.2-5		4.5.2	
hms	1.1.4		4.5.0	
htmlTable	2.4.3		4.5.0	
htmltools	0.5.8.1		4.5.0	
htmlwidgets	1.6.4		4.5.0	
httpuv	1.6.16		4.5.0	GNU make, zlib
httr	1.4.7		4.5.0	
httr2	1.2.1		4.5.0	
ids	1.0.1		4.5.0	
igraph	2.2.1		4.5.0	libxml2 (optional), glpk (>= 4.57, optional)
impute	1.84.0		4.5.1	
imputeLCMD	2.1		4.5.0	
inum	1.0-5		4.5.0	
ipred	0.9-15		4.5.0	
IRanges	2.44.0		4.5.1	
isoband	0.2.7		4.5.0	C++11
iterators	1.0.14		4.5.0	
itertools	0.1-3		4.5.0	
jpeg	0.1-11		4.5.0	libjpeg
jquerylib	0.1.4		4.5.0	
jsonlite	2.0.0		4.5.0	
KEGGREST	1.50.0		4.5.1	
kernlab	0.9-33		4.5.0	
kknn	1.4.1		4.5.0	
klaR	1.7-3		4.5.0	SVMlight
km.ci	0.5-6		4.5.0	
KMsurv	0.1-6		4.5.0	
knitr	1.50		4.5.0	Package vignettes based on R Markdown v2 or reStructuredText require Pandoc (http://pandoc.org). The function rst2pdf() requires rst2pdf (https://github.com/rst2pdf/rst2pdf).
labeling	0.4.3		4.5.0	
labelled	2.16.0		4.5.0	
laeken	0.5.3		4.5.0	
lambda.r	1.2.4		4.5.0	
languageserver	0.3.17		4.5.2	
later	1.4.4		4.5.0	
lava	1.8.2		4.5.0	
lazyeval	0.2.2		4.5.0	
leaps	3.2		4.5.0	
libcoin	1.0-10		4.5.0	
lifecycle	1.0.4		4.5.0	
limma	3.66.0		4.5.1	
lintr	3.3.0-1		4.5.2	
listenv	0.10.0		4.5.0	
litedown	0.8		4.5.0	
lme4	1.1-37		4.5.0	
lmtest	0.9-40		4.5.0	
locfit	1.5-9.12		4.5.0	USE_C17
lubridate	1.9.4		4.5.0	C++11, A system with zoneinfo data (e.g. /usr/share/zoneinfo). On Windows the zoneinfo included with R is used.
magrittr	2.0.4		4.5.0	
maps	3.4.3		4.5.0	
markdown	2.0		4.5.0	
MatrixGenerics	1.22.0		4.5.1	
MatrixModels	0.5-4		4.5.0	
matrixStats	1.5.0		4.5.0	
maxstat	0.7-26		4.5.0	
mda	0.5-5		4.5.0	
memoise	2.0.1		4.5.0	
Mfuzz	2.70.0		4.5.1	
microbenchmark	1.5.0		4.5.0	On a Unix-alike, one of the C functions mach_absolute_time (macOS), clock_gettime or gethrtime. If none of these is found, the obsolescent POSIX function gettimeofday will be tried.
mime	0.13		4.5.0	
miniUI	0.1.2		4.5.0	
minqa	1.2.8		4.5.0	GNU make
miRBaseConverter	1.34.0		4.5.1	
missForest	1.6.1		4.5.0	
mixOmics	6.34.0		4.5.2	
mlbench	2.1-6		4.5.0	
MLmetrics	1.1.3		4.5.0	
modeldata	1.5.1		4.5.0	
ModelMetrics	1.2.2.2		4.5.0	
modelr	0.1.11		4.5.0	
msigdbr	25.1.1		4.5.0	
multcomp	1.4-29		4.5.0	
multcompView	0.1-10		4.5.0	
MultiAssayExperiment	1.36.0		4.5.1	
MultiDataSet	1.38.0		4.5.1	
mvtnorm	1.3-3		4.5.0	
naivebayes	1.0.0		4.5.0	
nloptr	2.2.1		4.5.0	cmake (>= 3.2.0) which is used only on Linux or macOS systems when no system build of nlopt (>= 2.7.0) can be found.
norm	1.0-11.1		4.5.0	
numDeriv	2016.8-1.1		4.5.0	
openssl	2.3.4		4.5.0	OpenSSL >= 1.0.2
openxlsx	4.2.8.1		4.5.0	
org.Hs.eg.db	3.22.0		4.5.2	
otel	0.2.0		4.5.0	
pander	0.6.6		4.5.0	pandoc (https://johnmacfarlane.net/pandoc) for exporting markdown files to other formats.
parallelly	1.45.1		4.5.0	
partykit	1.2-25		4.5.2	
patchwork	1.3.2		4.5.0	
pbkrtest	0.5.5		4.5.0	
pcaMethods	2.2.0		4.5.1	Rcpp
pheatmap	1.0.13		4.5.0	
pillar	1.11.1		4.5.0	
pkgbuild	1.4.8		4.5.0	
pkgconfig	2.0.3		4.5.0	
pkgload	1.4.1		4.5.0	
plogr	0.2.0		4.5.0	
plotly	4.11.0		4.5.0	
plotmo	3.7.0		4.5.2	
plotrix	3.8-13		4.5.2	
pls	2.8-5		4.5.0	
plyr	1.8.9		4.5.0	
png	0.1-8		4.5.0	libpng
polspline	1.1.25		4.5.0	
polyclip	1.10-7		4.5.0	
polynom	1.4-1		4.5.0	
pracma	2.4.6		4.5.0	
praise	1.0.0		4.5.0	
preprocessCore	1.72.0		4.5.2	
prettyunits	1.2.0		4.5.0	
pROC	1.19.0.1		4.5.0	
processx	3.8.6		4.5.0	
prodlim	2025.04.28		4.5.0	
progress	1.2.3		4.5.0	
progressr	0.18.0		4.5.0	
proj4	1.0-15		4.5.0	proj 4.4.6 or higher (https://proj.org/)
promises	1.5.0		4.5.0	
proto	1.0.0		4.5.0	
proxy	0.4-27		4.5.0	
PRROC	1.4		4.5.0	
ps	1.9.1		4.5.0	
purrr	1.2.0		4.5.0	
qqman	0.1.9		4.5.0	
quantreg	6.1		4.5.0	
questionr	0.8.2		4.5.2	xclip (Linux)
qvalue	2.42.0		4.5.1	
R.cache	0.17.0		4.5.0	
R.methodsS3	1.8.2		4.5.0	
R.oo	1.27.1		4.5.0	
R.utils	2.13.0		4.5.0	
R6	2.6.1		4.5.0	
ragg	1.5.0		4.5.0	freetype2, libpng, libtiff, libjpeg, libwebp, libwebpmux
randomForest	4.7-1.2		4.5.0	
ranger	0.17.0		4.5.0	
rappdirs	0.3.3		4.5.0	
rARPACK	0.11-0		4.5.0	
rbibutils	2.4		4.5.0	
RColorBrewer	1.1-3		4.5.0	
Rcpp	1.1.0		4.5.0	
RcppArmadillo	15.2.2-1		4.5.2	
RcppEigen	0.3.4.0.2		4.5.0	
RcppTOML	0.2.3		4.5.0	A C++17 compiler
RCurl	1.98-1.17		4.5.0	GNU make, libcurl
Rdpack	2.6.4		4.5.0	
readr	2.1.5		4.5.0	
readxl	1.4.5		4.5.0	
recipes	1.3.1		4.5.0	
reformulas	0.4.2		4.5.0	
rematch	2.0.0		4.5.0	
rematch2	2.1.2		4.5.0	
remotes	2.5.0		4.5.0	Subversion for install_svn, git for install_git
rentrez	1.2.4		4.5.0	
reprex	2.1.1		4.5.0	pandoc (>= 2.0) - https://pandoc.org/
reshape	0.8.10		4.5.0	
reshape2	1.4.4		4.5.0	
restfulr	0.0.16		4.5.0	
reticulate	1.44.1		4.5.2	Python (>= 2.7.0)
rex	1.2.1		4.5.0	
rgl	1.3.34		4.5.2	OpenGL and GLU Library (Required for display in R. See "Installing OpenGL support" in README.md. Not needed if only browser displays using rglwidget() are wanted.), zlib (optional), libpng (>=1.2.9, optional), FreeType (optional), pandoc (>=1.14, needed for vignettes), LaTeX needed for optional latex3d() examples.
Rhtslib	3.6.0		4.5.1	libbz2 & liblzma & libcurl (with header files), GNU make
rjson	0.2.23		4.5.0	
rlang	1.1.6		4.5.0	
rlist	0.4.6.2		4.5.0	
rmarkdown	2.30		4.5.0	pandoc (>= 1.14) - http://pandoc.org
rmda	1.6		4.5.0	
rms	8.1-0		4.5.0	
rngtools	1.5.2		4.5.0	
robustbase	0.99-6		4.5.0	
ROCR	1.0-11		4.5.0	
ropls	1.42.0		4.5.1	
roxygen2	7.3.3		4.5.0	
rprojroot	2.1.1		4.5.0	
Rsamtools	2.26.0		4.5.1	GNU make
RSpectra	0.16-2		4.5.0	
RSQLite	2.4.4		4.5.0	
rstatix	0.7.3		4.5.0	
rstudioapi	0.17.1		4.5.0	
rtracklayer	1.70.0		4.5.1	
Rttf2pt1	1.3.14		4.5.0	
rvest	1.0.5		4.5.0	
S4Arrays	1.10.0		4.5.1	
S4Vectors	0.48.0		4.5.1	
S7	0.2.0		4.5.0	
sandwich	3.1-1		4.5.0	
sass	0.4.10		4.5.0	GNU make
scales	1.4.0		4.5.0	
scatterpie	0.2.6		4.5.0	
scatterplot3d	0.3-44		4.5.0	
selectr	0.4-2		4.5.0	
Seqinfo	1.0.0		4.5.1	
shape	1.4.6.1		4.5.0	
shiny	1.12.1		4.5.2	
shinyjs	2.1.1		4.5.2	
shinyWidgets	0.9.1		4.5.2	
snow	0.4-4		4.5.0	
sourcetools	0.1.7-1		4.5.0	
sp	2.2-0		4.5.0	
sparkline	2.0		4.5.0	
SparseArray	1.10.1		4.5.1	
SparseM	1.84-2		4.5.0	
sparsevctrs	0.3.4		4.5.0	
splitstackshape	1.4.8		4.5.0	
sqldf	0.4-11		4.5.0	
SQUAREM	2021.1		4.5.0	
statmod	1.5.1		4.5.0	
STRINGdb	2.22.0		4.5.1	
stringi	1.8.7		4.5.0	ICU4C (>= 61, optional)
stringr	1.6.0		4.5.0	
styler	1.11.0		4.5.0	
SummarizedExperiment	1.40.0		4.5.1	
survminer	0.5.1		4.5.0	
survMisc	0.5.6		4.5.0	
sva	3.58.0		4.5.1	
sys	3.4.3		4.5.0	
systemfonts	1.3.1		4.5.0	fontconfig, freetype2
testthat	3.3.1		4.5.2	
textshaping	1.0.4		4.5.0	freetype2, harfbuzz, fribidi
TH.data	1.1-5		4.5.2	
tibble	3.3.0		4.5.0	
tidygraph	1.3.1		4.5.0	
tidyr	1.3.1		4.5.0	
tidyselect	1.2.1		4.5.0	
tidytree	0.4.6		4.5.0	
tidyverse	2.0.0		4.5.0	
timechange	0.3.0		4.5.0	A system with zoneinfo data (e.g. /usr/share/zoneinfo) as well as a recent-enough C++11 compiler (such as g++-4.8 or later). On Windows the zoneinfo included with R is used.
timeDate	4051.111		4.5.0	
tinytex	0.57		4.5.0	
tkWidgets	1.88.0		4.5.1	
tmvtnorm	1.7		4.5.0	
treeio	1.34.0		4.5.1	
tweenr	2.0.3		4.5.0	
tzdb	0.5.0		4.5.0	
UpSetR	1.4.0		4.5.0	
utf8	1.2.6		4.5.0	
uuid	1.2-1		4.5.0	
vcd	1.4-13		4.5.0	
vctrs	0.6.5		4.5.0	
VennDiagram	1.7.3		4.5.0	
VIM	6.2.6		4.5.0	
viridis	0.6.5		4.5.0	
viridisLite	0.4.2		4.5.0	
visNetwork	2.1.4		4.5.0	
vroom	1.6.6		4.5.0	
waldo	0.6.2		4.5.0	
webshot	0.5.5		4.5.0	PhantomJS for taking screenshots, ImageMagick or GraphicsMagick and OptiPNG for manipulating images.
webshot2	0.1.2		4.5.0	
websocket	1.4.4		4.5.0	GNU make, OpenSSL >= 1.0.2
WGCNA	1.74		4.5.2	
widgetTools	1.88.0		4.5.1	
withr	3.0.2		4.5.0	
writexl	1.5.4		4.5.0	zlib
xfun	0.54		4.5.0	
xgboost	1.7.11.1		4.5.0	GNU make, C++17
XML	3.99-0.20		4.5.0	libxml2 (>= 2.6.3)
xml2	1.4.1		4.5.0	libxml2: libxml2-dev (deb), libxml2-devel (rpm)
xmlparsedata	1.0.5		4.5.0	
xtable	1.8-4		4.5.0	
XVector	0.50.0		4.5.1	
yaml	2.3.10		4.5.0	
yulab.utils	0.2.1		4.5.0	
zip	2.3.3		4.5.0	
zoo	1.8-14		4.5.0	
base	4.5.2	base	4.5.2	
boot	1.3-32	recommended	4.5.2	
class	7.3-23	recommended	4.5.2	
cluster	2.1.8.1	recommended	4.5.2	
codetools	0.2-20	recommended	4.5.2	
compiler	4.5.2	base	4.5.2	
datasets	4.5.2	base	4.5.2	
foreign	0.8-90	recommended	4.5.2	
graphics	4.5.2	base	4.5.2	
grDevices	4.5.2	base	4.5.2	
grid	4.5.2	base	4.5.2	
KernSmooth	2.23-26	recommended	4.5.2	
lattice	0.22-7	recommended	4.5.2	
MASS	7.3-65	recommended	4.5.2	
Matrix	1.7-4	recommended	4.5.2	
methods	4.5.2	base	4.5.2	
mgcv	1.9-3	recommended	4.5.2	
nlme	3.1-168	recommended	4.5.2	
nnet	7.3-20	recommended	4.5.2	
parallel	4.5.2	base	4.5.2	
rpart	4.1.24	recommended	4.5.2	
spatial	7.3-18	recommended	4.5.2	
splines	4.5.2	base	4.5.2	
stats	4.5.2	base	4.5.2	
stats4	4.5.2	base	4.5.2	
survival	3.8-3	recommended	4.5.2	
tcltk	4.5.2	base	4.5.2	
tools	4.5.2	base	4.5.2	
utils	4.5.2	base	4.5.2	
