entry_id	asset	input_path	url	method	request_json
1	matrix	db/dataset/NO01_GSE141208_counts.txt	https://evomicsdb.com/api/analysis/browse/download_datafile	POST	"{""dataset_id"": ""1""}"
1	metadata	db/dataset/metadata/NO01_GSE141208_metadata.xlsx	https://evomicsdb.com/api/analysis/browse/download_metadata	POST	"{""dataset_id"": ""1""}"
2	matrix	db/dataset/NO02_GSE111803_counts.txt	https://evomicsdb.com/api/analysis/browse/download_datafile	POST	"{""dataset_id"": ""2""}"
2	metadata	db/dataset/metadata/NO02_GSE111803_metadata.xlsx	https://evomicsdb.com/api/analysis/browse/download_metadata	POST	"{""dataset_id"": ""2""}"
3	matrix	db/dataset/NO03_GSE239341_counts.txt	https://evomicsdb.com/api/analysis/browse/download_datafile	POST	"{""dataset_id"": ""3""}"
3	metadata	db/dataset/metadata/NO03_GSE239341_metadata.xlsx	https://evomicsdb.com/api/analysis/browse/download_metadata	POST	"{""dataset_id"": ""3""}"
4	matrix	db/dataset/NO04_PXD021988_counts.txt	https://evomicsdb.com/api/analysis/browse/download_datafile	POST	"{""dataset_id"": ""4""}"
4	metadata	db/dataset/metadata/NO04_PXD021988_metadata.xlsx	https://evomicsdb.com/api/analysis/browse/download_metadata	POST	"{""dataset_id"": ""4""}"
5	matrix	db/dataset/NO05_GSE200288_counts.txt	https://evomicsdb.com/api/analysis/browse/download_datafile	POST	"{""dataset_id"": ""5""}"
5	metadata	db/dataset/metadata/NO05_GSE200288_metadata.xlsx	https://evomicsdb.com/api/analysis/browse/download_metadata	POST	"{""dataset_id"": ""5""}"
6	matrix	db/dataset/NO06_GSE220445_counts.txt	https://evomicsdb.com/api/analysis/browse/download_datafile	POST	"{""dataset_id"": ""6""}"
6	metadata	db/dataset/metadata/NO06_GSE220445_metadata.xlsx	https://evomicsdb.com/api/analysis/browse/download_metadata	POST	"{""dataset_id"": ""6""}"
7	matrix	db/dataset/NO07_GSE39833_counts.txt	https://evomicsdb.com/api/analysis/browse/download_datafile	POST	"{""dataset_id"": ""7""}"
7	metadata	db/dataset/metadata/NO07_GSE39833_metadata.xlsx	https://evomicsdb.com/api/analysis/browse/download_metadata	POST	"{""dataset_id"": ""7""}"
8	matrix	db/dataset/NO08_GSE147761_counts.txt	https://evomicsdb.com/api/analysis/browse/download_datafile	POST	"{""dataset_id"": ""8""}"
8	metadata	db/dataset/metadata/NO08_GSE147761_metadata.xlsx	https://evomicsdb.com/api/analysis/browse/download_metadata	POST	"{""dataset_id"": ""8""}"
9	matrix	db/dataset/NO09_GSE255775_counts.txt	https://evomicsdb.com/api/analysis/browse/download_datafile	POST	"{""dataset_id"": ""9""}"
9	metadata	db/dataset/metadata/NO09_GSE255775_metadata.xlsx	https://evomicsdb.com/api/analysis/browse/download_metadata	POST	"{""dataset_id"": ""9""}"
10	matrix	db/dataset/NO10_PXD005214_counts.txt	https://evomicsdb.com/api/analysis/browse/download_datafile	POST	"{""dataset_id"": ""10""}"
10	metadata	db/dataset/metadata/NO10_PXD005214_metadata.xlsx	https://evomicsdb.com/api/analysis/browse/download_metadata	POST	"{""dataset_id"": ""10""}"
11	matrix	db/dataset/NO11_PXD040756_counts.txt	https://evomicsdb.com/api/analysis/browse/download_datafile	POST	"{""dataset_id"": ""11""}"
11	metadata	db/dataset/metadata/NO11_PXD040756_metadata.xlsx	https://evomicsdb.com/api/analysis/browse/download_metadata	POST	"{""dataset_id"": ""11""}"
12	matrix	db/dataset/NO12_GSE188627_counts.txt	https://evomicsdb.com/api/analysis/browse/download_datafile	POST	"{""dataset_id"": ""12""}"
12	metadata	db/dataset/metadata/NO12_GSE188627_metadata.xlsx	https://evomicsdb.com/api/analysis/browse/download_metadata	POST	"{""dataset_id"": ""12""}"
13	matrix	db/dataset/NO13_GSE138740_counts.txt	https://evomicsdb.com/api/analysis/browse/download_datafile	POST	"{""dataset_id"": ""13""}"
13	metadata	db/dataset/metadata/NO13_GSE138740_metadata.xlsx	https://evomicsdb.com/api/analysis/browse/download_metadata	POST	"{""dataset_id"": ""13""}"
14	matrix	db/dataset/NO14_GSE141326_counts.txt	https://evomicsdb.com/api/analysis/browse/download_datafile	POST	"{""dataset_id"": ""14""}"
14	metadata	db/dataset/metadata/NO14_GSE141326_metadata.xlsx	https://evomicsdb.com/api/analysis/browse/download_metadata	POST	"{""dataset_id"": ""14""}"
15	matrix	db/dataset/NO15_GSE130512_counts.txt	https://evomicsdb.com/api/analysis/browse/download_datafile	POST	"{""dataset_id"": ""15""}"
15	metadata	db/dataset/metadata/NO15_GSE130512_metadata.xlsx	https://evomicsdb.com/api/analysis/browse/download_metadata	POST	"{""dataset_id"": ""15""}"
16	matrix	db/dataset/NO16_GSE106804_counts.txt	https://evomicsdb.com/api/analysis/browse/download_datafile	POST	"{""dataset_id"": ""16""}"
16	metadata	db/dataset/metadata/NO16_GSE106804_metadata.xlsx	https://evomicsdb.com/api/analysis/browse/download_metadata	POST	"{""dataset_id"": ""16""}"
17	matrix	db/dataset/NO17_GSE133684_counts.txt	https://evomicsdb.com/api/analysis/browse/download_datafile	POST	"{""dataset_id"": ""17""}"
17	metadata	db/dataset/metadata/NO17_GSE133684_metadata.xlsx	https://evomicsdb.com/api/analysis/browse/download_metadata	POST	"{""dataset_id"": ""17""}"
18	matrix	db/dataset/NO18_PXD056586_counts.txt	https://evomicsdb.com/api/analysis/browse/download_datafile	POST	"{""dataset_id"": ""18""}"
18	metadata	db/dataset/metadata/NO18_PXD056586_metadata.xlsx	https://evomicsdb.com/api/analysis/browse/download_metadata	POST	"{""dataset_id"": ""18""}"
19	matrix	db/dataset/NO19_PXD056586_counts.txt	https://evomicsdb.com/api/analysis/browse/download_datafile	POST	"{""dataset_id"": ""19""}"
19	metadata	db/dataset/metadata/NO19_PXD056586_metadata.xlsx	https://evomicsdb.com/api/analysis/browse/download_metadata	POST	"{""dataset_id"": ""19""}"
20	matrix	db/dataset/NO20_PXD046511_counts.txt	https://evomicsdb.com/api/analysis/browse/download_datafile	POST	"{""dataset_id"": ""20""}"
20	metadata	db/dataset/metadata/NO20_PXD046511_metadata.xlsx	https://evomicsdb.com/api/analysis/browse/download_metadata	POST	"{""dataset_id"": ""20""}"
21	matrix	db/dataset/NO21_counts.txt	https://evomicsdb.com/api/analysis/browse/download_datafile	POST	"{""dataset_id"": ""21""}"
21	metadata	db/dataset/metadata/NO21_metadata.xlsx	https://evomicsdb.com/api/analysis/browse/download_metadata	POST	"{""dataset_id"": ""21""}"
22	matrix	db/dataset/NO22_counts.txt	https://evomicsdb.com/api/analysis/browse/download_datafile	POST	"{""dataset_id"": ""22""}"
22	metadata	db/dataset/metadata/NO22_metadata.xlsx	https://evomicsdb.com/api/analysis/browse/download_metadata	POST	"{""dataset_id"": ""22""}"
23	matrix	db/dataset/NO23_counts.txt	https://evomicsdb.com/api/analysis/browse/download_datafile	POST	"{""dataset_id"": ""23""}"
23	metadata	db/dataset/metadata/NO23_metadata.xlsx	https://evomicsdb.com/api/analysis/browse/download_metadata	POST	"{""dataset_id"": ""23""}"
24	matrix	db/dataset/NO24_counts.txt	https://evomicsdb.com/api/analysis/browse/download_datafile	POST	"{""dataset_id"": ""24""}"
24	metadata	db/dataset/metadata/NO24_metadata.xlsx	https://evomicsdb.com/api/analysis/browse/download_metadata	POST	"{""dataset_id"": ""24""}"
25	matrix	db/dataset/NO25_counts.txt	https://evomicsdb.com/api/analysis/browse/download_datafile	POST	"{""dataset_id"": ""25""}"
25	metadata	db/dataset/metadata/NO25_metadata.xlsx	https://evomicsdb.com/api/analysis/browse/download_metadata	POST	"{""dataset_id"": ""25""}"
26	matrix	db/dataset/NO26_PXD027535_counts.txt	https://evomicsdb.com/api/analysis/browse/download_datafile	POST	"{""dataset_id"": ""26""}"
26	metadata	db/dataset/metadata/NO26_PXD027535_metadata.xlsx	https://evomicsdb.com/api/analysis/browse/download_metadata	POST	"{""dataset_id"": ""26""}"
27	matrix	db/dataset/NO27_PXD027696_counts.txt	https://evomicsdb.com/api/analysis/browse/download_datafile	POST	"{""dataset_id"": ""27""}"
27	metadata	db/dataset/metadata/NO27_PXD027696_metadata.xlsx	https://evomicsdb.com/api/analysis/browse/download_metadata	POST	"{""dataset_id"": ""27""}"
28	matrix	db/dataset/NO28_PXD042543_counts.txt	https://evomicsdb.com/api/analysis/browse/download_datafile	POST	"{""dataset_id"": ""28""}"
28	metadata	db/dataset/metadata/NO28_PXD042543_metadata.xlsx	https://evomicsdb.com/api/analysis/browse/download_metadata	POST	"{""dataset_id"": ""28""}"
29	matrix	db/dataset/NO29_PXD042543_counts.txt	https://evomicsdb.com/api/analysis/browse/download_datafile	POST	"{""dataset_id"": ""29""}"
29	metadata	db/dataset/metadata/NO29_PXD042543_metadata.xlsx	https://evomicsdb.com/api/analysis/browse/download_metadata	POST	"{""dataset_id"": ""29""}"
30	matrix	db/dataset/NO30_PXD038800_counts.txt	https://evomicsdb.com/api/analysis/browse/download_datafile	POST	"{""dataset_id"": ""30""}"
30	metadata	db/dataset/metadata/NO30_PXD038800_metadata.xlsx	https://evomicsdb.com/api/analysis/browse/download_metadata	POST	"{""dataset_id"": ""30""}"
31	matrix	db/dataset/NO31_PXD038800_counts.txt	https://evomicsdb.com/api/analysis/browse/download_datafile	POST	"{""dataset_id"": ""31""}"
31	metadata	db/dataset/metadata/NO31_PXD038800_metadata.xlsx	https://evomicsdb.com/api/analysis/browse/download_metadata	POST	"{""dataset_id"": ""31""}"
32	matrix	db/dataset/NO32_GSE140845_counts.txt	https://evomicsdb.com/api/analysis/browse/download_datafile	POST	"{""dataset_id"": ""32""}"
32	metadata	db/dataset/metadata/NO32_GSE140845_metadata.xlsx	https://evomicsdb.com/api/analysis/browse/download_metadata	POST	"{""dataset_id"": ""32""}"
33	matrix	db/dataset/NO33_PXD042422_counts.txt	https://evomicsdb.com/api/analysis/browse/download_datafile	POST	"{""dataset_id"": ""33""}"
33	metadata	db/dataset/metadata/NO33_PXD042422_metadata.xlsx	https://evomicsdb.com/api/analysis/browse/download_metadata	POST	"{""dataset_id"": ""33""}"
34	matrix	db/dataset/NO34_PXD033595_counts.txt	https://evomicsdb.com/api/analysis/browse/download_datafile	POST	"{""dataset_id"": ""34""}"
34	metadata	db/dataset/metadata/NO34_PXD033595_metadata.xlsx	https://evomicsdb.com/api/analysis/browse/download_metadata	POST	"{""dataset_id"": ""34""}"
35	matrix	db/dataset/NO35_PXD017994_counts.txt	https://evomicsdb.com/api/analysis/browse/download_datafile	POST	"{""dataset_id"": ""35""}"
35	metadata	db/dataset/metadata/NO35_PXD017994_metadata.xlsx	https://evomicsdb.com/api/analysis/browse/download_metadata	POST	"{""dataset_id"": ""35""}"
36	matrix	db/dataset/NO36_PXD017994_counts.txt	https://evomicsdb.com/api/analysis/browse/download_datafile	POST	"{""dataset_id"": ""36""}"
36	metadata	db/dataset/metadata/NO36_PXD017994_metadata.xlsx	https://evomicsdb.com/api/analysis/browse/download_metadata	POST	"{""dataset_id"": ""36""}"
37	matrix	db/dataset/NO37_PXD041118_counts.txt	https://evomicsdb.com/api/analysis/browse/download_datafile	POST	"{""dataset_id"": ""37""}"
37	metadata	db/dataset/metadata/NO37_PXD041118_metadata.xlsx	https://evomicsdb.com/api/analysis/browse/download_metadata	POST	"{""dataset_id"": ""37""}"
38	matrix	db/dataset/NO38_GSE126399_counts.txt	https://evomicsdb.com/api/analysis/browse/download_datafile	POST	"{""dataset_id"": ""38""}"
38	metadata	db/dataset/metadata/NO38_GSE126399_metadata.xlsx	https://evomicsdb.com/api/analysis/browse/download_metadata	POST	"{""dataset_id"": ""38""}"
39	matrix	db/dataset/NO39_GSE140370_counts.txt	https://evomicsdb.com/api/analysis/browse/download_datafile	POST	"{""dataset_id"": ""39""}"
39	metadata	db/dataset/metadata/NO39_GSE140370_metadata.xlsx[NOT READY]	https://evomicsdb.com/api/analysis/browse/download_metadata	POST	"{""dataset_id"": ""39""}"
40	matrix	db/dataset/NO40_counts.txt	https://evomicsdb.com/api/analysis/browse/download_datafile	POST	"{""dataset_id"": ""40""}"
40	metadata	db/dataset/metadata/NO40_metadata.xlsx	https://evomicsdb.com/api/analysis/browse/download_metadata	POST	"{""dataset_id"": ""40""}"
41	matrix	db/dataset/NO41_GSE104926_counts.txt	https://evomicsdb.com/api/analysis/browse/download_datafile	POST	"{""dataset_id"": ""41""}"
41	metadata	db/dataset/metadata/NO41_GSE104926_metadata.xlsx[NOT READY]	https://evomicsdb.com/api/analysis/browse/download_metadata	POST	"{""dataset_id"": ""41""}"
42	matrix	db/dataset/NO42_GSE104926_counts.txt	https://evomicsdb.com/api/analysis/browse/download_datafile	POST	"{""dataset_id"": ""42""}"
42	metadata	db/dataset/metadata/NO42_GSE104926_metadata.xlsx[NOT READY]	https://evomicsdb.com/api/analysis/browse/download_metadata	POST	"{""dataset_id"": ""42""}"
43	matrix	db/dataset/NO43_counts.txt	https://evomicsdb.com/api/analysis/browse/download_datafile	POST	"{""dataset_id"": ""43""}"
43	metadata	db/dataset/metadata/NO43_metadata.xlsx[NOT READY]	https://evomicsdb.com/api/analysis/browse/download_metadata	POST	"{""dataset_id"": ""43""}"
44	matrix	db/dataset/NO44_counts.txt	https://evomicsdb.com/api/analysis/browse/download_datafile	POST	"{""dataset_id"": ""44""}"
44	metadata	db/dataset/metadata/NO44_metadata.xlsx[NOT READY]	https://evomicsdb.com/api/analysis/browse/download_metadata	POST	"{""dataset_id"": ""44""}"
45	matrix	db/dataset/NO45_GSE277272_counts.txt	https://evomicsdb.com/api/analysis/browse/download_datafile	POST	"{""dataset_id"": ""45""}"
45	metadata	db/dataset/metadata/NO45_GSE277272_metadata.xlsx	https://evomicsdb.com/api/analysis/browse/download_metadata	POST	"{""dataset_id"": ""45""}"
46	matrix	db/dataset/NO46_GSE304572_counts.txt	https://evomicsdb.com/api/analysis/browse/download_datafile	POST	"{""dataset_id"": ""46""}"
46	metadata	db/dataset/metadata/NO46_GSE304572_metadata.xlsx[NOT READY]	https://evomicsdb.com/api/analysis/browse/download_metadata	POST	"{""dataset_id"": ""46""}"
47	matrix	db/dataset/NO47_PXD067299_counts.txt	https://evomicsdb.com/api/analysis/browse/download_datafile	POST	"{""dataset_id"": ""47""}"
47	metadata	db/dataset/metadata/NO47_PXD067299_metadata.xlsx[NOT READY]	https://evomicsdb.com/api/analysis/browse/download_metadata	POST	"{""dataset_id"": ""47""}"
48	matrix	db/dataset/NO48_PXD053690_counts.txt	https://evomicsdb.com/api/analysis/browse/download_datafile	POST	"{""dataset_id"": ""48""}"
48	metadata	db/dataset/metadata/NO48_PXD053690_metadata.xlsx[NOT READY]	https://evomicsdb.com/api/analysis/browse/download_metadata	POST	"{""dataset_id"": ""48""}"
49	matrix	db/dataset/NO49_counts.txt	https://evomicsdb.com/api/analysis/browse/download_datafile	POST	"{""dataset_id"": ""49""}"
49	metadata	db/dataset/metadata/NO49_metadata.xlsx[NOT READY]	https://evomicsdb.com/api/analysis/browse/download_metadata	POST	"{""dataset_id"": ""49""}"
50	matrix	db/dataset/NO50_PXD054691_counts.txt	https://evomicsdb.com/api/analysis/browse/download_datafile	POST	"{""dataset_id"": ""50""}"
50	metadata	db/dataset/metadata/NO50_PXD054691_metadata.xlsx[NOT READY]	https://evomicsdb.com/api/analysis/browse/download_metadata	POST	"{""dataset_id"": ""50""}"
51	matrix	db/dataset/NO51_PXD047470_counts.txt	https://evomicsdb.com/api/analysis/browse/download_datafile	POST	"{""dataset_id"": ""51""}"
51	metadata	db/dataset/metadata/NO51_PXD047470_metadata.xlsx	https://evomicsdb.com/api/analysis/browse/download_metadata	POST	"{""dataset_id"": ""51""}"
52	matrix	db/dataset/NO52_counts.txt	https://evomicsdb.com/api/analysis/browse/download_datafile	POST	"{""dataset_id"": ""52""}"
52	metadata	db/dataset/metadata/NO52_metadata.xlsx[NOT READY]	https://evomicsdb.com/api/analysis/browse/download_metadata	POST	"{""dataset_id"": ""52""}"
53	matrix	db/dataset/NO53_counts.txt	https://evomicsdb.com/api/analysis/browse/download_datafile	POST	"{""dataset_id"": ""53""}"
53	metadata	db/dataset/metadata/NO53_metadata.xlsx	https://evomicsdb.com/api/analysis/browse/download_metadata	POST	"{""dataset_id"": ""53""}"
54	matrix	db/dataset/NO54_counts.txt	https://evomicsdb.com/api/analysis/browse/download_datafile	POST	"{""dataset_id"": ""54""}"
54	metadata	db/dataset/metadata/NO54_metadata.xlsx	https://evomicsdb.com/api/analysis/browse/download_metadata	POST	"{""dataset_id"": ""54""}"
55	matrix	db/dataset/NO55_counts.txt	https://evomicsdb.com/api/analysis/browse/download_datafile	POST	"{""dataset_id"": ""55""}"
55	metadata	db/dataset/metadata/NO55_metadata.xlsx	https://evomicsdb.com/api/analysis/browse/download_metadata	POST	"{""dataset_id"": ""55""}"
56	matrix	db/dataset/NO56_GSE210775-TRANING_counts.txt	https://evomicsdb.com/api/analysis/browse/download_datafile	POST	"{""dataset_id"": ""56""}"
56	metadata	db/dataset/metadata/NO56_GSE210775-TRANING_metadata.xlsx	https://evomicsdb.com/api/analysis/browse/download_metadata	POST	"{""dataset_id"": ""56""}"
57	matrix	db/dataset/NO57_GSE210775-VALIDATION_counts.txt	https://evomicsdb.com/api/analysis/browse/download_datafile	POST	"{""dataset_id"": ""57""}"
57	metadata	db/dataset/metadata/NO57_GSE210775-VALIDATION_metadata.xlsx	https://evomicsdb.com/api/analysis/browse/download_metadata	POST	"{""dataset_id"": ""57""}"
58	matrix	db/dataset/NO58_GSE142987_counts.txt	https://evomicsdb.com/api/analysis/browse/download_datafile	POST	"{""dataset_id"": ""58""}"
58	metadata	db/dataset/metadata/NO58_GSE142987_metadata.xlsx	https://evomicsdb.com/api/analysis/browse/download_metadata	POST	"{""dataset_id"": ""58""}"
59	matrix	db/dataset/NO59_GSE174302_counts.txt	https://evomicsdb.com/api/analysis/browse/download_datafile	POST	"{""dataset_id"": ""59""}"
59	metadata	db/dataset/metadata/NO59_GSE174302_metadata.xlsx	https://evomicsdb.com/api/analysis/browse/download_metadata	POST	"{""dataset_id"": ""59""}"
60	matrix	db/dataset/NO60_GSE174302_counts.txt	https://evomicsdb.com/api/analysis/browse/download_datafile	POST	"{""dataset_id"": ""60""}"
60	metadata	db/dataset/metadata/NO60_GSE174302_metadata.xlsx	https://evomicsdb.com/api/analysis/browse/download_metadata	POST	"{""dataset_id"": ""60""}"
61	matrix	db/dataset/NO61_GSE174302_counts.txt	https://evomicsdb.com/api/analysis/browse/download_datafile	POST	"{""dataset_id"": ""61""}"
61	metadata	db/dataset/metadata/NO61_GSE174302_metadata.xlsx	https://evomicsdb.com/api/analysis/browse/download_metadata	POST	"{""dataset_id"": ""61""}"
62	matrix	db/dataset/NO62_GSE174302_counts.txt	https://evomicsdb.com/api/analysis/browse/download_datafile	POST	"{""dataset_id"": ""62""}"
62	metadata	db/dataset/metadata/NO62_GSE174302_metadata.xlsx	https://evomicsdb.com/api/analysis/browse/download_metadata	POST	"{""dataset_id"": ""62""}"
63	matrix	db/dataset/NO63_GSE174302_counts.txt	https://evomicsdb.com/api/analysis/browse/download_datafile	POST	"{""dataset_id"": ""63""}"
63	metadata	db/dataset/metadata/NO63_GSE174302_metadata.xlsx	https://evomicsdb.com/api/analysis/browse/download_metadata	POST	"{""dataset_id"": ""63""}"
64	matrix	db/dataset/NO64_GSE174302_counts.txt	https://evomicsdb.com/api/analysis/browse/download_datafile	POST	"{""dataset_id"": ""64""}"
64	metadata	db/dataset/metadata/NO64_GSE174302_metadata.xlsx	https://evomicsdb.com/api/analysis/browse/download_metadata	POST	"{""dataset_id"": ""64""}"
65	matrix	db/dataset/NO65_GSE174302_counts.txt	https://evomicsdb.com/api/analysis/browse/download_datafile	POST	"{""dataset_id"": ""65""}"
65	metadata	db/dataset/metadata/NO65_GSE174302_metadata.xlsx	https://evomicsdb.com/api/analysis/browse/download_metadata	POST	"{""dataset_id"": ""65""}"
66	matrix	db/dataset/NO66_GSE174302_counts.txt	https://evomicsdb.com/api/analysis/browse/download_datafile	POST	"{""dataset_id"": ""66""}"
66	metadata	db/dataset/metadata/NO66_GSE174302_metadata.xlsx	https://evomicsdb.com/api/analysis/browse/download_metadata	POST	"{""dataset_id"": ""66""}"
67	matrix	db/dataset/NO67_GSE174302_counts.txt	https://evomicsdb.com/api/analysis/browse/download_datafile	POST	"{""dataset_id"": ""67""}"
67	metadata	db/dataset/metadata/NO67_GSE174302_metadata.xlsx	https://evomicsdb.com/api/analysis/browse/download_metadata	POST	"{""dataset_id"": ""67""}"
68	matrix	db/dataset/NO68_GSE174302_counts.txt	https://evomicsdb.com/api/analysis/browse/download_datafile	POST	"{""dataset_id"": ""68""}"
68	metadata	db/dataset/metadata/NO68_GSE174302_metadata.xlsx	https://evomicsdb.com/api/analysis/browse/download_metadata	POST	"{""dataset_id"": ""68""}"
69	matrix	db/dataset/NO69_GSE174302_counts.txt	https://evomicsdb.com/api/analysis/browse/download_datafile	POST	"{""dataset_id"": ""69""}"
69	metadata	db/dataset/metadata/NO69_GSE174302_metadata.xlsx	https://evomicsdb.com/api/analysis/browse/download_metadata	POST	"{""dataset_id"": ""69""}"
70	matrix	db/dataset/NO70_GSE174302_counts.txt	https://evomicsdb.com/api/analysis/browse/download_datafile	POST	"{""dataset_id"": ""70""}"
70	metadata	db/dataset/metadata/NO70_GSE174302_metadata.xlsx	https://evomicsdb.com/api/analysis/browse/download_metadata	POST	"{""dataset_id"": ""70""}"
71	matrix	db/dataset/NO71_GSE174302_counts.txt	https://evomicsdb.com/api/analysis/browse/download_datafile	POST	"{""dataset_id"": ""71""}"
71	metadata	db/dataset/metadata/NO71_GSE174302_metadata.xlsx	https://evomicsdb.com/api/analysis/browse/download_metadata	POST	"{""dataset_id"": ""71""}"
72	matrix	db/dataset/NO72_GSE174302_counts.txt	https://evomicsdb.com/api/analysis/browse/download_datafile	POST	"{""dataset_id"": ""72""}"
72	metadata	db/dataset/metadata/NO72_GSE174302_metadata.xlsx	https://evomicsdb.com/api/analysis/browse/download_metadata	POST	"{""dataset_id"": ""72""}"
73	matrix	db/dataset/NO73_GSE174302_counts.txt	https://evomicsdb.com/api/analysis/browse/download_datafile	POST	"{""dataset_id"": ""73""}"
73	metadata	db/dataset/metadata/NO73_GSE174302_metadata.xlsx	https://evomicsdb.com/api/analysis/browse/download_metadata	POST	"{""dataset_id"": ""73""}"
74	matrix	db/dataset/NO74_GSE186587_counts.txt	https://evomicsdb.com/api/analysis/browse/download_datafile	POST	"{""dataset_id"": ""74""}"
74	metadata	db/dataset/metadata/NO74_GSE186587_metadata.xlsx	https://evomicsdb.com/api/analysis/browse/download_metadata	POST	"{""dataset_id"": ""74""}"
75	matrix	db/dataset/NO75_GSE186587_counts.txt	https://evomicsdb.com/api/analysis/browse/download_datafile	POST	"{""dataset_id"": ""75""}"
75	metadata	db/dataset/metadata/NO75_GSE186587_metadata.xlsx	https://evomicsdb.com/api/analysis/browse/download_metadata	POST	"{""dataset_id"": ""75""}"
76	matrix	db/dataset/NO76_GSE100207_counts.txt	https://evomicsdb.com/api/analysis/browse/download_datafile	POST	"{""dataset_id"": ""76""}"
76	metadata	db/dataset/metadata/NO76_GSE100207_metadata.xlsx	https://evomicsdb.com/api/analysis/browse/download_metadata	POST	"{""dataset_id"": ""76""}"
77	matrix	db/dataset/NO77_GSE100232_counts.txt	https://evomicsdb.com/api/analysis/browse/download_datafile	POST	"{""dataset_id"": ""77""}"
77	metadata	db/dataset/metadata/NO77_GSE100232_metadata.xlsx	https://evomicsdb.com/api/analysis/browse/download_metadata	POST	"{""dataset_id"": ""77""}"
78	matrix	db/dataset/NO78_GSE100063_counts.txt	https://evomicsdb.com/api/analysis/browse/download_datafile	POST	"{""dataset_id"": ""78""}"
78	metadata	db/dataset/metadata/NO78_GSE100063_metadata.xlsx	https://evomicsdb.com/api/analysis/browse/download_metadata	POST	"{""dataset_id"": ""78""}"
79	matrix	db/dataset/NO79_GSE100207_counts.txt	https://evomicsdb.com/api/analysis/browse/download_datafile	POST	"{""dataset_id"": ""79""}"
79	metadata	db/dataset/metadata/NO79_GSE100207_metadata.xlsx	https://evomicsdb.com/api/analysis/browse/download_metadata	POST	"{""dataset_id"": ""79""}"
80	matrix	db/dataset/NO80_GSE100232_counts.txt	https://evomicsdb.com/api/analysis/browse/download_datafile	POST	"{""dataset_id"": ""80""}"
80	metadata	db/dataset/metadata/NO80_GSE100232_metadata.xlsx	https://evomicsdb.com/api/analysis/browse/download_metadata	POST	"{""dataset_id"": ""80""}"
81	matrix	db/dataset/NO81_GSE100063_counts.txt	https://evomicsdb.com/api/analysis/browse/download_datafile	POST	"{""dataset_id"": ""81""}"
81	metadata	db/dataset/metadata/NO81_GSE100063_metadata.xlsx	https://evomicsdb.com/api/analysis/browse/download_metadata	POST	"{""dataset_id"": ""81""}"
82	matrix	db/dataset/NO82_GSE100207_counts.txt	https://evomicsdb.com/api/analysis/browse/download_datafile	POST	"{""dataset_id"": ""82""}"
82	metadata	db/dataset/metadata/NO82_GSE100207_metadata.xlsx	https://evomicsdb.com/api/analysis/browse/download_metadata	POST	"{""dataset_id"": ""82""}"
83	matrix	db/dataset/NO83_GSE100232_counts.txt	https://evomicsdb.com/api/analysis/browse/download_datafile	POST	"{""dataset_id"": ""83""}"
83	metadata	db/dataset/metadata/NO83_GSE100232_metadata.xlsx	https://evomicsdb.com/api/analysis/browse/download_metadata	POST	"{""dataset_id"": ""83""}"
84	matrix	db/dataset/NO84_GSE100063_counts.txt	https://evomicsdb.com/api/analysis/browse/download_datafile	POST	"{""dataset_id"": ""84""}"
84	metadata	db/dataset/metadata/NO84_GSE100063_metadata.xlsx	https://evomicsdb.com/api/analysis/browse/download_metadata	POST	"{""dataset_id"": ""84""}"
85	matrix	db/dataset/NO85_GSE294154_counts.txt	https://evomicsdb.com/api/analysis/browse/download_datafile	POST	"{""dataset_id"": ""85""}"
85	metadata	db/dataset/metadata/NO85_GSE294154_metadata.xlsx	https://evomicsdb.com/api/analysis/browse/download_metadata	POST	"{""dataset_id"": ""85""}"
86	matrix	db/dataset/NO86_GSE294154_counts.txt	https://evomicsdb.com/api/analysis/browse/download_datafile	POST	"{""dataset_id"": ""86""}"
86	metadata	db/dataset/metadata/NO86_GSE294154_metadata.xlsx	https://evomicsdb.com/api/analysis/browse/download_metadata	POST	"{""dataset_id"": ""86""}"
87	matrix	db/dataset/NO87_GSE294154_counts.txt	https://evomicsdb.com/api/analysis/browse/download_datafile	POST	"{""dataset_id"": ""87""}"
87	metadata	db/dataset/metadata/NO87_GSE294154_metadata.xlsx	https://evomicsdb.com/api/analysis/browse/download_metadata	POST	"{""dataset_id"": ""87""}"
88	matrix	db/dataset/NO88_GSE232903_counts.txt	https://evomicsdb.com/api/analysis/browse/download_datafile	POST	"{""dataset_id"": ""88""}"
88	metadata	db/dataset/metadata/NO88_GSE232903_metadata.xlsx	https://evomicsdb.com/api/analysis/browse/download_metadata	POST	"{""dataset_id"": ""88""}"
89	matrix	db/dataset/NO89_GSE199509_counts.txt	https://evomicsdb.com/api/analysis/browse/download_datafile	POST	"{""dataset_id"": ""89""}"
89	metadata	db/dataset/metadata/NO89_GSE199509_metadata.xlsx	https://evomicsdb.com/api/analysis/browse/download_metadata	POST	"{""dataset_id"": ""89""}"
90	matrix	db/dataset/NO90_GSE199509_counts.txt	https://evomicsdb.com/api/analysis/browse/download_datafile	POST	"{""dataset_id"": ""90""}"
90	metadata	db/dataset/metadata/NO90_GSE199509_metadata.xlsx	https://evomicsdb.com/api/analysis/browse/download_metadata	POST	"{""dataset_id"": ""90""}"
91	matrix	db/dataset/NO91_GSE199509_counts.txt	https://evomicsdb.com/api/analysis/browse/download_datafile	POST	"{""dataset_id"": ""91""}"
91	metadata	db/dataset/metadata/NO91_GSE199509_metadata.xlsx	https://evomicsdb.com/api/analysis/browse/download_metadata	POST	"{""dataset_id"": ""91""}"
92	matrix	db/dataset/NO92_GSE123972_counts.txt	https://evomicsdb.com/api/analysis/browse/download_datafile	POST	"{""dataset_id"": ""92""}"
92	metadata	db/dataset/metadata/NO92_GSE123972_metadata.xlsx	https://evomicsdb.com/api/analysis/browse/download_metadata	POST	"{""dataset_id"": ""92""}"
93	matrix	db/dataset/NO93_GSE123972_counts.txt	https://evomicsdb.com/api/analysis/browse/download_datafile	POST	"{""dataset_id"": ""93""}"
93	metadata	db/dataset/metadata/NO93_GSE123972_metadata.xlsx	https://evomicsdb.com/api/analysis/browse/download_metadata	POST	"{""dataset_id"": ""93""}"
94	matrix	db/dataset/NO94_GSE104251_counts.txt	https://evomicsdb.com/api/analysis/browse/download_datafile	POST	"{""dataset_id"": ""94""}"
94	metadata	db/dataset/metadata/NO94_GSE104251_metadata.xlsx	https://evomicsdb.com/api/analysis/browse/download_metadata	POST	"{""dataset_id"": ""94""}"
95	matrix	db/dataset/NO95_GSE277272_counts.txt	https://evomicsdb.com/api/analysis/browse/download_datafile	POST	"{""dataset_id"": ""95""}"
95	metadata	db/dataset/metadata/NO95_GSE277272_metadata.xlsx	https://evomicsdb.com/api/analysis/browse/download_metadata	POST	"{""dataset_id"": ""95""}"
96	matrix	db/dataset/NO96_GSE277272_counts.txt	https://evomicsdb.com/api/analysis/browse/download_datafile	POST	"{""dataset_id"": ""96""}"
96	metadata	db/dataset/metadata/NO96_GSE277272_metadata.xlsx	https://evomicsdb.com/api/analysis/browse/download_metadata	POST	"{""dataset_id"": ""96""}"
97	matrix	db/dataset/NO97_GSE140845_counts.txt	https://evomicsdb.com/api/analysis/browse/download_datafile	POST	"{""dataset_id"": ""97""}"
97	metadata	db/dataset/metadata/NO97_GSE140845_metadata.xlsx	https://evomicsdb.com/api/analysis/browse/download_metadata	POST	"{""dataset_id"": ""97""}"
98	matrix	db/dataset/NO98_GSE140845_counts.txt	https://evomicsdb.com/api/analysis/browse/download_datafile	POST	"{""dataset_id"": ""98""}"
98	metadata	db/dataset/metadata/NO98_GSE140845_metadata.xlsx	https://evomicsdb.com/api/analysis/browse/download_metadata	POST	"{""dataset_id"": ""98""}"
99	matrix	db/dataset/NO99_GSE106804_counts.txt	https://evomicsdb.com/api/analysis/browse/download_datafile	POST	"{""dataset_id"": ""99""}"
99	metadata	db/dataset/metadata/NO99_GSE106804_metadata.xlsx	https://evomicsdb.com/api/analysis/browse/download_metadata	POST	"{""dataset_id"": ""99""}"
100	matrix	db/dataset/NO100_GSE210775-TRANING_counts.txt	https://evomicsdb.com/api/analysis/browse/download_datafile	POST	"{""dataset_id"": ""100""}"
100	metadata	db/dataset/metadata/NO100_GSE210775-TRANING_metadata.xlsx	https://evomicsdb.com/api/analysis/browse/download_metadata	POST	"{""dataset_id"": ""100""}"
101	matrix	db/dataset/NO101_GSE210775-VALIDATION_counts.txt	https://evomicsdb.com/api/analysis/browse/download_datafile	POST	"{""dataset_id"": ""101""}"
101	metadata	db/dataset/metadata/NO101_GSE210775-VALIDATION_metadata.xlsx	https://evomicsdb.com/api/analysis/browse/download_metadata	POST	"{""dataset_id"": ""101""}"
102	matrix	db/dataset/NO102_GSE210775-VALIDATION_counts.txt	https://evomicsdb.com/api/analysis/browse/download_datafile	POST	"{""dataset_id"": ""102""}"
102	metadata	db/dataset/metadata/NO102_GSE210775-VALIDATION_metadata.xlsx	https://evomicsdb.com/api/analysis/browse/download_metadata	POST	"{""dataset_id"": ""102""}"
103	matrix	db/dataset/NO105_GSE200288_counts.txt	https://evomicsdb.com/api/analysis/browse/download_datafile	POST	"{""dataset_id"": ""103""}"
103	metadata	db/dataset/metadata/NO105_GSE200288_metadata.xlsx	https://evomicsdb.com/api/analysis/browse/download_metadata	POST	"{""dataset_id"": ""103""}"
104	matrix	db/dataset/NO106_GSE200288_counts.txt	https://evomicsdb.com/api/analysis/browse/download_datafile	POST	"{""dataset_id"": ""104""}"
104	metadata	db/dataset/metadata/NO106_GSE200288_metadata.xlsx	https://evomicsdb.com/api/analysis/browse/download_metadata	POST	"{""dataset_id"": ""104""}"
105	matrix	db/dataset/ID105_GSE133684_lncRNA_TPM.tsv	https://evomicsdb.com/api/analysis/browse/download_datafile	POST	"{""dataset_id"": ""105""}"
105	metadata	db/dataset/metadata/NO17_GSE133684_metadata.xlsx	https://evomicsdb.com/api/analysis/browse/download_metadata	POST	"{""dataset_id"": ""105""}"
106	matrix	db/dataset/NO108_GSE142987_counts.txt	https://evomicsdb.com/api/analysis/browse/download_datafile	POST	"{""dataset_id"": ""106""}"
106	metadata	db/dataset/metadata/NO108_GSE142987_metadata.xlsx	https://evomicsdb.com/api/analysis/browse/download_metadata	POST	"{""dataset_id"": ""106""}"
107	matrix	db/dataset/NO109_GSE186587_counts.txt	https://evomicsdb.com/api/analysis/browse/download_datafile	POST	"{""dataset_id"": ""107""}"
107	metadata	db/dataset/metadata/NO109_GSE186587_metadata.xlsx	https://evomicsdb.com/api/analysis/browse/download_metadata	POST	"{""dataset_id"": ""107""}"
108	matrix	db/dataset/NO110_GSE186587_counts.txt	https://evomicsdb.com/api/analysis/browse/download_datafile	POST	"{""dataset_id"": ""108""}"
108	metadata	db/dataset/metadata/NO110_GSE186587_metadata.xlsx	https://evomicsdb.com/api/analysis/browse/download_metadata	POST	"{""dataset_id"": ""108""}"
109	matrix	db/dataset/NO111_GSE104926_counts.txt	https://evomicsdb.com/api/analysis/browse/download_datafile	POST	"{""dataset_id"": ""109""}"
109	metadata	db/dataset/metadata/NO111_GSE104926_metadata.xlsx	https://evomicsdb.com/api/analysis/browse/download_metadata	POST	"{""dataset_id"": ""109""}"
110	matrix	db/dataset/NO112_NO66_counts.txt	https://evomicsdb.com/api/analysis/browse/download_datafile	POST	"{""dataset_id"": ""110""}"
110	metadata	db/dataset/metadata/NO112_NO66_metadata.xlsx	https://evomicsdb.com/api/analysis/browse/download_metadata	POST	"{""dataset_id"": ""110""}"
