ID	N1	N2	N3	N4	N5	N6	C1	C2	C3	C4	C5	C6
DEMO_001	7.86056634	8.26560628	8.08350356	7.76868228	7.94280920	8.02830871	9.76189310	9.69338500	10.16645878	9.62790928	10.50586775	10.20272375
DEMO_002	8.00070012	7.93543359	7.92971453	8.26920343	8.25509652	7.37478399	9.74720788	10.52664388	10.23015126	10.50769524	10.37481773	9.77343640
DEMO_003	7.74123515	7.93083747	8.23490806	8.29401279	8.74461612	8.62417815	9.46271151	10.04491769	10.18582330	9.26272218	10.33622596	10.17395221
DEMO_004	8.10199926	7.88377627	7.70170225	8.22812669	7.96901359	8.14444038	10.28252034	10.54492703	10.09773414	10.35988784	9.97296019	9.93910778
DEMO_005	8.12601834	8.25541890	7.70692570	8.01352107	8.12272323	8.78941766	9.73515443	9.96040428	9.90416956	10.02324369	10.62956565	10.17200190
DEMO_006	8.20470491	8.04002576	7.83053145	7.53857640	7.43745517	8.51865798	9.74362361	10.33792690	10.26599216	9.74354953	10.12029190	10.01563686
DEMO_007	9.01667164	8.24899836	8.08566589	8.55509354	8.09503488	8.27166274	10.48948558	9.94645670	10.20999557	9.30642948	9.85757048	10.22614447
DEMO_008	8.51391707	8.28299158	8.57432817	8.53682677	8.07737537	7.90296362	10.79330100	10.64109337	10.12754518	9.60296335	10.16285416	10.11735057
DEMO_009	8.15421026	8.18380339	8.64635890	7.48039629	7.56450716	8.00308909	9.95171230	9.97576666	9.87779569	9.91765435	9.81661838	10.31871400
DEMO_010	8.34490802	8.90001216	8.97973476	8.58629093	7.86732759	8.11297067	10.51775059	10.12916071	10.39369283	10.34684748	9.71788170	10.61173235
DEMO_011	8.50352690	8.38009414	8.18412048	7.78330908	8.51436354	8.22280742	5.86536744	6.50403689	5.69084235	6.80950444	6.38083509	6.37956533
DEMO_012	8.94290160	8.41297774	8.01279346	8.43250299	9.36214401	8.37076118	6.31821039	6.45304302	6.20422523	6.55834164	6.55322984	6.49752449
DEMO_013	8.03325185	8.33671924	7.74746957	7.84861458	8.17980090	8.19703647	6.53484155	5.82312945	6.57387470	6.29994672	5.49544929	6.44176295
DEMO_014	7.65995454	8.43820678	7.69618417	8.11053384	8.48072335	8.50924466	5.79560643	6.73992296	6.64899675	6.31864051	6.53615292	6.08358261
DEMO_015	8.71201936	8.52638446	8.24915988	7.87626508	8.21677667	8.60286048	6.44367719	5.99687162	5.97657739	6.07687890	5.98873852	6.00770037
DEMO_016	8.16312870	8.60633139	8.20927807	8.25630723	8.08202476	8.51318252	6.80931366	6.93353077	6.05133984	6.48066335	6.23222477	6.54190111
DEMO_017	8.19409194	8.53769629	8.52449427	8.19333934	8.40461933	8.58130027	6.64937400	6.47654697	6.58723080	6.62690300	6.63599579	6.32565068
DEMO_018	8.05776477	8.97790302	8.54977059	9.00431045	8.04262986	8.37486225	7.15904309	6.81518854	6.18513930	6.36824507	7.12652281	6.75167600
DEMO_019	9.02200429	8.57149519	8.50632835	8.64848736	8.63413683	8.74117107	6.27221949	6.60986642	6.68360108	5.90904470	5.85386257	6.74453666
DEMO_020	8.88907424	8.71674912	8.33563042	8.18544030	9.55400173	8.63902653	6.75058880	6.35355748	6.62611407	6.36598502	6.81496900	6.75220602
DEMO_021	9.04289800	8.24154587	8.48611319	8.67462973	8.47923986	8.37464261	8.33226132	8.30636414	7.45209744	9.14500664	8.86838152	8.65010905
DEMO_022	8.57476279	8.77857172	8.40089622	8.81037017	8.47087379	7.92924250	8.89179329	8.12878769	8.65250784	8.45890790	8.93896853	8.49863978
DEMO_023	8.65933524	8.12750061	8.95031934	8.73307921	8.92372264	8.45114576	8.30137094	8.07905430	7.77963652	8.67531013	8.61224792	8.35203883
DEMO_024	9.03233064	8.91100415	8.07769579	8.41837900	9.30498679	9.06188802	9.02039006	7.74739047	8.02957711	8.44214946	8.88665017	9.14984128
DEMO_025	7.72105483	8.60181477	8.45193182	8.32358499	8.69414689	8.34174412	8.90702786	9.01850352	9.15010169	8.91832763	8.66300852	7.93383949
DEMO_026	8.14476276	8.80667270	8.76217728	8.53034811	9.01016043	8.11480960	8.43468934	8.20150859	8.75043721	8.24005630	8.62725642	8.31971974
DEMO_027	8.65784828	8.69729777	8.12785216	8.26876098	8.22320330	8.40252393	8.30541781	8.26017411	8.33417732	8.84693970	8.56388051	8.21122260
DEMO_028	8.11692603	8.81341863	8.88949864	9.00709513	8.35839291	8.69337703	9.02684737	9.33710004	8.58925147	8.56792483	8.10181536	8.42991348
DEMO_029	8.90250742	8.66244644	8.92570231	7.95778418	9.10139005	8.71568115	9.22157450	8.48801532	8.65200278	8.27799039	8.86004947	8.97112839
DEMO_030	8.86164360	8.64100886	8.54620011	8.72055389	8.69703047	9.51348485	8.78891582	9.25118725	9.00216284	8.57399134	9.21450831	9.10769912
DEMO_031	8.67021333	8.79044068	9.01926072	8.68729686	8.50228559	8.28232991	9.18241748	8.73315004	8.55686319	8.43497398	8.63040831	8.62784021
DEMO_032	8.47782950	9.21452741	8.35597734	8.71780829	9.10903672	9.28052186	8.47911549	8.95212581	9.35339640	8.86839694	9.13289360	8.55999894
DEMO_033	9.18419190	8.88788717	8.37484377	8.78676859	9.07779532	8.51485467	8.63490666	9.04464320	9.46107789	8.89854419	8.96118640	8.23926422
DEMO_034	8.80292372	9.10029647	8.50333853	8.37309033	8.95069480	8.44769942	8.95922655	8.32810727	9.42795046	8.74111479	8.73740347	9.16074707
DEMO_035	8.88458799	8.37407442	9.13287109	9.28295703	9.30632081	8.89759370	9.13992800	9.33299833	9.10171114	8.58573919	8.37273509	9.03469297
DEMO_036	8.98489373	8.89030760	8.66297926	8.89425285	9.08535655	9.14615897	9.18698780	9.37096968	8.95224216	8.42035516	9.20288313	7.96365983
DEMO_037	8.62979852	9.42288024	8.98553335	8.82819782	8.73513412	8.79754334	9.29402308	8.49218626	9.20132778	9.11333927	9.20868888	9.49150556
DEMO_038	8.54296317	8.81872249	8.61946361	9.20487151	8.92481755	8.65746733	9.57595234	8.54657684	9.01391260	8.57933619	9.18551419	8.93769674
DEMO_039	9.37228576	9.67524124	9.57608552	8.84058533	9.28163004	8.72801144	9.27084343	8.57254183	9.19869654	8.95713235	9.29809914	9.35625032
DEMO_040	9.06863697	8.92713967	9.11493352	8.99392429	9.29189393	9.05109272	9.21924713	8.63538239	8.32395137	8.89772620	9.01499027	9.60793037
DEMO_041	8.59615599	8.15867339	8.98974713	8.76052720	8.22658621	9.58208677	8.56945905	8.77402879	8.87595453	8.97727948	8.44260139	9.88318138
DEMO_042	9.07479558	9.16509101	9.74873941	9.39980093	9.07906050	9.06348189	8.36089669	9.03460445	8.74783980	8.70434178	8.50917510	8.90020408
DEMO_043	9.68209377	9.23512436	8.76737678	8.84483329	9.10138506	9.05221095	8.81002546	9.34542297	8.67772425	8.72196837	9.48535796	9.27961558
DEMO_044	9.09842544	9.69137293	8.98716281	9.34903080	9.36374255	8.70629849	9.02585404	9.24983353	8.62836990	9.37567099	8.69506184	8.70553799
DEMO_045	9.78660113	9.12361431	8.83597964	9.23017032	9.74533691	8.99720113	9.02856351	9.07002806	9.06448204	9.56975964	8.22842024	8.93960715
DEMO_046	9.77306910	9.14675042	9.22361121	9.11616582	9.60047461	9.45771666	9.36965121	9.23896493	8.97778519	9.78920297	9.17481029	8.98123833
DEMO_047	9.17926865	9.19509353	9.52254607	9.07647670	8.93927874	9.66606328	9.24668002	9.04394879	9.60071971	9.08926971	9.00708025	9.39597627
DEMO_048	9.52209502	9.05975484	9.83615837	9.26312063	9.87652397	9.03553379	9.37784034	9.16176897	8.97668569	9.13557873	9.28993705	9.69958181
DEMO_049	9.42505454	8.78351564	9.33014152	9.46116297	9.59735977	8.94747943	9.51671116	9.35034564	9.78257951	8.81465709	9.33848941	8.97712297
DEMO_050	9.76735131	9.29080013	8.99847702	9.40125028	9.33030143	9.61521400	8.88766499	8.78868187	8.30239502	9.51812696	8.83425604	9.70675603
DEMO_051	8.84447088	9.39630401	9.39203489	9.42630148	9.18471799	9.63064010	9.56389648	9.47465934	8.14001319	8.93103704	8.92702756	9.21638550
DEMO_052	9.59049228	9.69107049	9.40216044	9.11774785	9.30630432	9.21601734	9.20477789	9.59404274	9.45730496	9.18538261	9.07108047	9.48091751
DEMO_053	8.70689641	9.50446640	9.05971845	9.34370499	9.18654953	9.48296580	9.08508544	9.32789443	9.29993487	9.37935108	9.34562656	9.35479813
DEMO_054	9.39586932	9.46671467	9.28292017	9.03410126	10.24299731	9.54075403	8.96213848	9.16818537	9.36050493	9.55508820	9.26685284	9.33002687
DEMO_055	8.98502528	8.81440487	8.81595216	9.59893924	9.96682059	8.77146786	9.22561558	9.07704176	9.13686175	9.71603758	9.36430580	9.23644034
DEMO_056	9.44174882	9.50442223	9.53644223	9.08138305	9.48378988	9.82443200	9.75823040	8.87562910	9.29720847	9.16570955	9.25713915	9.81223362
DEMO_057	9.52156841	9.71840363	9.42906619	9.44876666	10.03135710	9.66065899	9.26319399	9.87865113	10.25431359	9.92194927	9.08814296	9.35399215
DEMO_058	9.89654542	9.40965835	9.57809001	9.23949041	8.90741600	9.61976334	9.37758865	10.15683932	9.36865759	9.56937069	9.16009821	8.94357792
DEMO_059	9.28030664	9.33563076	9.89844808	9.69445264	8.79311321	9.56223094	9.38054794	9.31768322	9.97645223	9.33300750	8.85463302	8.78467412
DEMO_060	9.50041263	8.96848182	8.84861983	9.64102234	9.22174897	9.67680558	9.34492677	9.48548572	9.11240616	8.83561824	9.61666613	9.37569027
DEMO_061	8.93204538	9.46623506	9.85946170	9.79453717	9.61331175	9.65023350	9.46898855	9.58497313	9.48367062	9.49034941	9.38999617	9.30145519
DEMO_062	9.79379110	9.47256379	9.34599472	10.04434096	9.74027309	10.84090722	9.86319143	9.85477182	10.02073727	9.32412675	10.00833352	9.37434105
DEMO_063	9.42812923	9.41860950	9.58611981	9.38719538	9.30575818	9.80138487	9.80602887	9.75383286	9.57722379	9.57879503	9.27386049	9.27492380
DEMO_064	9.35214530	9.67780017	10.20073343	9.94507844	9.38793755	9.23808062	8.86962530	9.97580073	9.70109100	9.04294974	9.62095756	10.07402961
DEMO_065	10.10533690	9.33336073	9.80319650	9.42225166	10.48707447	9.82786023	9.10623386	9.69428712	9.74210170	9.74656842	9.59827373	9.59725598
DEMO_066	10.73066587	10.33304728	10.13649717	9.26856437	9.73793088	9.37393128	9.63953987	10.01487437	9.52814548	9.95504903	9.62677295	9.60060641
DEMO_067	9.22766775	9.83045724	9.70636256	9.97477554	9.58199445	9.61560663	9.88750468	9.64122790	9.49517014	9.71365431	9.67529718	9.15109509
DEMO_068	9.03931615	9.47778421	9.30664558	9.66543598	9.73103594	9.96506503	9.87312644	9.92833559	9.13175065	9.44160233	8.87785692	9.72632231
DEMO_069	9.79112732	9.83341140	9.81146221	10.03175895	9.20722814	9.74147917	9.92972845	10.06732310	9.33639096	9.35946290	9.76004927	9.40908734
DEMO_070	9.99545194	9.71806678	9.53743061	9.74107162	9.31181724	9.90011604	8.87860948	10.06625434	9.79041965	10.01310357	10.01722575	9.71381678
DEMO_071	9.22931323	10.00881247	9.85982218	9.72640375	10.08353339	9.43646782	9.69016686	9.63885766	9.86232094	9.57309891	10.04715894	9.94109350
DEMO_072	9.45514590	10.06204663	9.64576774	9.31131023	9.74831545	9.65985218	9.92838424	10.47166617	9.54929099	9.69232513	9.69390705	10.09662789
DEMO_073	9.65205990	9.96540943	10.16515857	9.26270114	9.74447207	9.78783926	9.63434891	9.97192000	9.48582422	9.87797845	10.05201857	9.12360805
DEMO_074	10.32161426	10.53554191	9.61773532	10.06054400	9.41526675	9.74741454	10.28311511	9.82528012	9.94059351	9.94814272	10.01214256	10.38234987
DEMO_075	10.10628195	10.02636215	9.53609903	10.32717439	9.62992739	9.47887402	10.44465079	9.70307567	9.36940659	9.89842879	9.93867816	9.75358350
DEMO_076	9.45421832	9.47079802	9.55600900	10.21728035	10.02618156	9.41469107	9.53006539	10.24922605	10.19474961	9.43460692	9.14807524	10.66784602
DEMO_077	9.27938851	10.29693051	9.76636149	9.60415666	9.49618140	10.33835819	9.31869967	9.35076301	10.60436215	9.83021522	10.17296056	10.03755438
DEMO_078	9.40075846	10.72378601	9.73515395	10.17182222	10.03275679	9.80363112	9.45887555	9.96243280	10.30999031	10.02035999	10.15964779	9.85272247
DEMO_079	10.23492878	10.11510517	9.94356505	9.28970624	9.60465363	8.98830228	10.09021805	9.38048532	9.67108914	10.13376209	10.39177972	9.55108031
DEMO_080	10.22126151	9.77681054	10.25100221	10.94375875	10.30650873	9.87019236	10.82719519	10.05938681	9.64148531	10.47531023	9.79338255	10.13291136
DEMO_081	10.24733993	10.64309362	9.92869823	9.91804450	10.54258130	10.59303654	10.22171838	10.20784641	10.15311712	9.60963903	10.08686054	10.02084736
DEMO_082	10.10208235	9.90241520	10.50629425	10.01776758	10.00079736	9.87442584	9.05978097	10.01042332	9.90198971	9.96528045	10.30976635	9.78455473
DEMO_083	10.01075958	10.22535185	10.48105912	10.82891789	10.05584026	9.65662044	10.19267571	9.79517311	9.68202550	10.03938420	10.25436304	9.76262689
DEMO_084	9.24534797	10.30643633	9.70242217	10.25525742	10.28030690	10.20289959	10.17922162	10.18489080	10.02985189	10.18379825	10.34665249	9.65108379
DEMO_085	10.66561872	10.27969293	10.08981741	9.94628048	9.71171085	10.20653170	10.73383095	9.86691441	10.18494145	10.89973854	9.72051519	10.11410683
DEMO_086	9.98334863	9.79546422	9.95999740	10.07622404	9.99101874	9.62771953	10.30206685	10.56579413	9.77321834	9.77392275	10.37384733	10.15158156
DEMO_087	10.31490766	10.41490910	9.89791029	10.74332686	10.15302786	9.96840260	10.52716936	10.04900488	10.60911978	10.13124280	10.39462010	10.39360996
DEMO_088	10.45887900	10.53257414	9.85706644	9.73862861	10.19162138	9.89357783	9.99096299	10.83385500	10.46893311	10.13151533	9.86272668	9.90668964
DEMO_089	10.31975197	10.26607038	10.80119375	10.39297438	10.32589326	10.03352653	10.92712117	10.27674476	10.60651104	10.09690342	10.30785302	10.81308992
DEMO_090	10.19216240	9.97065085	9.74607881	10.22222868	10.46936567	10.43900881	10.54109938	10.89491518	10.70790025	10.64139111	10.34015702	10.31548158
DEMO_091	9.62731798	10.70184529	11.08699793	9.91059767	10.61060300	9.71722056	9.88968566	9.99134802	10.26879713	10.38637233	10.80302562	10.59333561
DEMO_092	10.63931720	10.39739536	10.50381215	10.97932590	9.75402487	10.56515197	9.98945032	10.33587179	10.58930011	10.26594609	10.78735269	10.22155008
DEMO_093	10.21627972	10.98674873	9.81373060	10.24303583	10.41792093	9.37520241	10.95614576	9.73569031	10.37876349	10.02362294	10.83338599	10.25341303
DEMO_094	9.66843017	10.24517609	10.26955198	10.46185483	10.49903272	10.64304547	10.39865040	10.76476580	10.40125871	10.62452016	10.50282036	10.62456759
DEMO_095	9.96437646	10.11769910	10.66957232	10.54546012	10.53044155	10.69730855	9.92057623	10.35257008	10.74219948	10.43919244	10.92228598	10.80750317
DEMO_096	10.36402837	10.78101234	10.42956652	10.48706434	10.23698045	10.40899302	10.44582385	10.23216018	10.54657680	10.92809647	10.59937858	10.34021142
DEMO_097	10.19890683	11.04437315	10.26417140	10.96907708	10.48416253	10.67407828	10.35000647	10.57808159	10.61414879	10.11279995	10.56996028	10.28158150
DEMO_098	10.76913893	10.92296197	11.01586739	10.48392293	10.07778977	9.89621596	10.15409483	10.12498337	9.93176544	10.89526956	10.63582791	10.66809734
DEMO_099	10.86209367	10.85397097	10.55993427	10.86004766	10.84353893	10.51870178	10.14133073	10.43793532	10.09881192	10.31633520	10.06122938	10.07710710
DEMO_100	10.65932436	10.74666632	10.76176779	10.06148304	10.17611586	10.41778790	10.27410466	10.40001437	9.92194115	10.16368254	10.57520623	10.78328298
