dataset_id	Metabolite	candidate_KEGG_IDs	mapping_status
24	Arginyl-Asparagine		unmapped
24	xi-Linalool 3-[rhamnosyl-(1->6)-glucoside]		unmapped
24	n-Butyl acetate	C12304	exact_unique
24	7,8-Dihydro-3b,6a-dihydroxy-alpha-ionol 9-glucoside		unmapped
24	Kiwiionoside		unmapped
24	Acetylhydrazine	C07447	exact_unique
24	6Z-8-Hydroxygeraniol 8-O-glucoside		unmapped
24	(1S,2R,4R)-p-Menth-8-ene-2,10-diol 2-glucoside		unmapped
24	Fluoxetine glucuronide		unmapped
24	Citronellyl beta-sophoroside		unmapped
24	Foeniculoside VII		unmapped
24	1,2-Benzisothiazol-3(2H)-one		unmapped
24	Todatriol glucoside		unmapped
24	Isopropylpyrazine		unmapped
24	N-Lactoyl ethanolamine		unmapped
24	(E,E)-Piperlonguminine		unmapped
24	3-Methyl-2-cyclohexen-1-one		unmapped
24	3-Methyl-2-cyclopenten-1-one		unmapped
24	1,3-Diisopropylbenzene		unmapped
24	2-trans-6-cis-Dodecadienal		unmapped
24	Torvoside A		unmapped
24	o-Ethyltoluene		unmapped
24	3,4-Dihydroxyphenylglycol		unmapped
24	1-Methoxy-1H-indole-3-acetonitrile		unmapped
24	2-Propylpiperidine		unmapped
24	Isopentylideneisopentylamine		unmapped
24	Pyrocatechol	C00090	exact_unique
24	Calystegine B2	C10851	exact_unique
24	(Â±)-2,2'-Iminobispropanoic acid		unmapped
24	Nicotine glucuronide		unmapped
24	alpha-Methylstyrene	C14395	exact_unique
24	Kanzonol Z		unmapped
24	Octadecanamide	C13846	exact_unique
24	O-Methylcorypalline		unmapped
24	a-Amino-2,5-dihydro-5-oxo-4-isoxazolepropanoic acid N2-glucoside		unmapped
24	Oleic acid	C00712	exact_unique
24	Mesuagin		unmapped
24	2-Methylpyridine	C14447	exact_unique
24	p-Aminobenzoic acid		unmapped
24	2-Pyrrolidineacetic acid		unmapped
24	4-Nitrophenol	C00870	exact_unique
24	Oxymorphone	C08019	exact_unique
24	1,2,3,4,Tetrahydro-1,5,7-trimethylnapthalene		unmapped
24	Trans-urocanate		unmapped
24	5-HEPE		unmapped
24	Dimethylethanolamine		unmapped
24	Aminoadipic acid		unmapped
24	3,4-DHPEA-EA		unmapped
24	Hydromorphone-3-glucuronide		unmapped
24	Avenanthramide A2		unmapped
24	N-Gluconyl ethanolamine		unmapped
24	Saccharin	C12283	exact_unique
24	Glaucarubin	C08760	exact_unique
24	Methyl 2-aminobenzoate		unmapped
24	Undecanoic acid	C17715	exact_unique
24	Nicotine	C00745	exact_unique
24	HDMBOA-Glc		unmapped
24	20-Carboxy-leukotriene B4	C05950	exact_unique
24	Gibberellin A1 glucosyl ester		unmapped
24	Glyoxylic acid	C00048	exact_unique
24	3-Hydroxyomeprazole		unmapped
24	Fagomine	C10144	exact_unique
24	6-Hydroxy-5-methoxyindole glucuronide		unmapped
24	Mesylate		unmapped
24	4-Hydroxy-2,6-dimethylaniline	C16570	exact_unique
24	O-Toluidine	C14403	exact_unique
24	Fertaric acid		unmapped
24	2-(Methylamino)benzoic acid	C03005	exact_unique
24	Cyclohexanecarboxylic acid	C09822	exact_unique
24	Cotinine		unmapped
24	1-Methylpyrrole		unmapped
24	Morpholine	C14452	exact_unique
24	Desmethylnortriptyline		unmapped
24	Nicotine-1'-N-oxide		unmapped
24	11(R)-HETE	C14780	exact_unique
24	Pyrrolidine		unmapped
24	Ethylbenzene	C07111	exact_unique
24	Valerylglycine		unmapped
24	4-Hydroxy-1H-indole-3-acetonitrile		unmapped
24	2-Hydroxypyridine	C02502	exact_unique
24	Medicocarpin		unmapped
24	1-Butylamine		unmapped
24	Pyrazine		unmapped
24	Asparaginyl-Proline		unmapped
24	gamma-Glutaminyl-4-hydroxybenzene		unmapped
24	Ethyl N-ethylanthranilate		unmapped
24	Allysine	C04076	exact_unique
24	Tridodecylamine		unmapped
24	Ethyl trans-p-methoxycinnamate		unmapped
24	Citraconic acid	C02226	exact_unique
24	9-Methylxanthine		unmapped
24	Tetracosahexaenoic acid		unmapped
24	L-Malic acid	C00149	exact_unique
24	D-Alanine	C00133	exact_unique
24	Betaine	C00719	exact_unique
24	4-Ethyl-5-pentyloxazole		unmapped
24	Fumonisin A2		unmapped
24	N,N-Dimethylformamide	C03134	exact_unique
24	Aniline	C00292	exact_unique
24	(Â±)-Aegeline		unmapped
24	1-Methylhypoxanthine		unmapped
24	3,4-Dihydroxybenzaldehyde	C16700	exact_unique
24	4-Hydroxy-1-(3-pyridinyl)-1-butanone	C19565	exact_unique
24	Piperidine	C01746	exact_unique
24	Parabanic Acid		unmapped
24	1H-Indole-3-carboxaldehyde		unmapped
24	Trimethylaminoacetone		unmapped
24	2-Aminoheptanedioic acid		unmapped
24	3-(1,1-Dimethylallyl)scopoletin 7-glucoside		unmapped
24	3,4,5-Trimethoxyphenyl glucoside		unmapped
24	2-Pyrrolidinone		unmapped
24	Hydroxyphenyllactic acid		unmapped
24	Guanidoacetic acid	C00581	exact_unique
24	Dexamethasone	C15643	exact_unique
24	[8]-Dehydrogingerdione		unmapped
24	2-Furoylglycine		unmapped
24	Nicotinuric acid	C05380	exact_unique
24	2,8-Dihydroxyquinoline-beta-D-glucuronide		unmapped
24	Phthalic acid		unmapped
24	4-Aminobutyraldehyde	C00555	exact_unique
24	Hydroxycotinine		unmapped
24	Actinidine	C09910	exact_unique
24	Alline		unmapped
24	Apigenin 7-sulfate		unmapped
24	Terephthalic acid	C06337	exact_unique
24	Tetramethylpyrazine		unmapped
24	Sucralose	C12285	exact_unique
24	Quinoline	C06413	exact_unique
24	Cocaethylene		unmapped
24	1-(4-Methoxyphenyl)-1-penten-3-one		unmapped
24	2,3-Dimethyl-2-cyclohexen-1-one		unmapped
24	gamma-Carboxyglutamic acid		unmapped
24	Androsterone sulfate		unmapped
24	Hydroxypyruvic acid	C00168	exact_unique
24	Isovalerylglycine		unmapped
24	O-Phosphoethanolamine	C00346	exact_unique
24	Arginyl-Threonine		unmapped
24	5-[2H-Pyrrol-4-(3H)-ylidenemethyl]-2-furanmethanol		unmapped
24	Gentisic acid	C00628	exact_unique
24	Acetamidopropanal		unmapped
24	Cinnamoylglycine		unmapped
24	7,11-Bisdeacetylvaltrate 7-(3-methylpentanoate) 11-(3-hydroxy-3-methylbutanoate)		unmapped
24	Methyl (R)-9-hydroxy-10-undecene-5,7-diynoate glucoside		unmapped
24	Acrylamide	C01659	exact_unique
24	2-Acetylpyrrolidine		unmapped
24	3-O-Methylniveusin A		unmapped
24	3a,11b,21-Trihydroxy-20-oxo-5b-pregnan-18-al		unmapped
24	3-Methyladenine	C00913	exact_unique
24	2,5-Dihydro-2,4,5-trimethyloxazole		unmapped
24	L-trans-4-Methyl-2-pyrrolidinecarboxylic acid		unmapped
24	Polyvidone		unmapped
24	Indoleacetaldehyde	C00637	exact_unique
24	Canavaninosuccinate		unmapped
24	4-Aminophenol	C02372	exact_unique
24	beta-Sinensal	C09730	exact_unique
24	Millefin		unmapped
24	xi-3-(4-Isopropylphenyl)-2-methylpropanal		unmapped
24	L-prolyl-L-proline		unmapped
24	Betonicine	C08269	exact_unique
24	(4-Hydroxybenzoyl)choline		unmapped
24	2-(1-Pentenyl)furan		unmapped
24	Hippuric acid	C01586	exact_unique
24	Salicyluric acid	C07588	exact_unique
24	2-Methylpiperidine		unmapped
24	Malonic acid	C00383	exact_unique
24	5,6-Dihydro-4-methoxy-2H-pyran-2-one		unmapped
24	L-Hexanoylcarnitine		unmapped
24	1-(2-Thienyl)-1-butanone		unmapped
24	Questiomycin A		unmapped
24	Oxoadipic acid		unmapped
24	3-Methylxanthine	C16357	exact_unique
24	N-Acetylleucine		unmapped
24	Malic acid	C00149;C00711	ambiguous
24	4-Butyl-2,5-dimethyloxazole		unmapped
24	N-Methylnicotinium		unmapped
24	2-Diethylaminoethanol		unmapped
24	Edulisin II		unmapped
24	Betaine aldehyde	C00576	exact_unique
24	Perillic acid	C11924	exact_unique
24	Glycerol 1,3-di-(9Z,12Z-octadecadienoate) 2-(9Z-octadecenoate)		unmapped
24	Tyrosyl-Isoleucine		unmapped
24	QH		unmapped
24	8-Hydroxyadenine	C22499	exact_unique
24	Glycerol tripropanoate		unmapped
24	Xanthosine	C01762	exact_unique
24	2,3-Dihydro-2,3-dihydroxy-4-(4-methoxyphenyl)-1H-phenalen-1-one		unmapped
24	2-Aminoacrylic acid		unmapped
24	2-Hydroxybutyric acid	C05984	exact_unique
24	8-Hydroxypurine		unmapped
24	2-Acetylpyrazine		unmapped
24	Cholesterol sulfate	C18043	exact_unique
24	Citric acid	C00158	exact_unique
24	Pantothenol	C05944	exact_unique
24	3-Amino-1,4-dimethyl-5H-pyrido[4,3-b]indole	C19306	exact_unique
24	Gibberellin A55		unmapped
24	2-O-Methylcytosine		unmapped
24	4-Hydroxyhippuric acid		unmapped
24	Desglucocheirotoxol		unmapped
24	4-Acetylbutyrate		unmapped
24	Dehydroepiandrosterone sulfate	C04555	exact_unique
24	L-Norleucine	C01933	exact_unique
24	2,2,4,4,6,6-Hexamethyl-1,3,5-trithiane		unmapped
24	2-Ketobutyric acid	C00109	exact_unique
24	Diethyl phthalic acid		unmapped
24	Rotenone	C07593	exact_unique
24	6-Deoxyfagomine		unmapped
24	4-Methylbenzoic acid	C01454	exact_unique
24	2,3-Diethylpyrazine		unmapped
24	5-(3',5'-Dihydroxyphenyl)-gamma-valerolactone		unmapped
24	Dopamine	C03758	exact_unique
24	Argininosuccinic acid		unmapped
24	(2R)-2-Hydroxy-2-methylbutanenitrile	C18796	exact_unique
24	Niacinamide	C00153	exact_unique
24	Argininic acid		unmapped
24	But-2-enoic acid		unmapped
24	Tiglic acid	C08279	exact_unique
24	Balagyptin		unmapped
24	6-Chloro-N-(1-methylethyl)-1,3,5-triazine-2,4-diamine		unmapped
24	Capric acid		unmapped
24	Isoleucyl-Alanine		unmapped
24	Eremopetasitenin B2		unmapped
24	5-Nitro-2-propoxyaniline		unmapped
24	Prolyl-Gamma-glutamate		unmapped
24	Guanine	C00242	exact_unique
24	Mesaconic acid	C01732	exact_unique
24	Anserine	C01262	exact_unique
24	Glycine	C00037	exact_unique
24	3-Aminobutanoic acid		unmapped
24	2,4-Toluenediamine		unmapped
24	N-(2R-Hydroxypentacosanoyl)-2S-amino-1,3S,4R-octadecanetriol		unmapped
24	Fructosamine		unmapped
24	3-[(Cyanophenylmethyl)amino]-3-oxopropanoic acid		unmapped
24	N-Carbamoyl-2-amino-2-(4-hydroxyphenyl)acetic acid		unmapped
24	N-Acetylhistamine	C05135	exact_unique
24	Cinnamyl benzoate		unmapped
24	Oleamide	C19670	exact_unique
24	D-Xylulose	C00310	exact_unique
24	Stearic acid	C01530	exact_unique
24	N-Acetylputrescine	C02714	exact_unique
24	Isovalerylsarcosine		unmapped
24	Cytidine	C00475	exact_unique
24	7-Methylguanine	C02242	exact_unique
24	L-Gulonolactone	C01040	exact_unique
24	(2R)-1-O-beta-D-Galactopyranosylglycerol		unmapped
24	N-(2R-Hydroxydocosanoyl)-2S-amino-1,3S,4R-octadecanetriol		unmapped
24	N-Acetylglutamine		unmapped
24	Methylnoradrenaline		unmapped
24	N-a-Acetyl-L-arginine		unmapped
24	2-Hydroxyethanesulfonate	C05123	exact_unique
24	Bergaptol	C00758	exact_unique
24	PA(20:5(5Z,8Z,11Z,14Z,17Z)/18:4(6Z,9Z,12Z,15Z))		unmapped
24	C.I. Solvent Red 80		unmapped
24	L-alpha-Amino-1H-pyrrole-1-hexanoic acid		unmapped
24	gamma-Glutamylleucine		unmapped
24	Itaconic acid	C00490	exact_unique
24	Dimethyl dialkyl ammonium chloride		unmapped
24	L-Threonine	C00188	exact_unique
24	Methyl 4-methoxybenzoate		unmapped
24	Adenine	C00147	exact_unique
24	p-Hydroxyfelbamate	C16584	exact_unique
24	2,3-Dihydro-6-methyl-1H-pyrrolizine-5-carboxaldehyde		unmapped
24	Benzoic acid	C00180	exact_unique
24	2-Isopropyl-3,5-dimethoxy-6-methylpyrazine		unmapped
24	2-Acetyloxazole		unmapped
24	3-Aminoisobutanoic acid		unmapped
24	Thiamine	C00378	exact_unique
24	Prolyl-Valine		unmapped
24	Cholic acid	C00695	exact_unique
24	Alpha-Hydroxyisobutyric acid		unmapped
24	Jaceidin		unmapped
24	(+)-Gallocatechin	C12127	exact_unique
24	Glycocholic acid	C01921	exact_unique
24	N-Acetylaspartylglutamic acid		unmapped
24	Diethanolamine	C06772	exact_unique
24	alpha-(1,2-Dihydroxyethyl)-1,2,3,4-tetrahydro-7-hydroxy-9-methoxy-3,4-dioxocyclopenta[c][1]benzopyran-6-acetaldehyde	C19592	exact_unique
24	(1x,2x)-Guaiacylglycerol 3-glucoside		unmapped
24	Isobutyric acid	C02632	exact_unique
24	4-Amino-2-methylenebutanoic acid		unmapped
24	2-Hydroxystearic acid		unmapped
24	Pelargonic acid	C01601	exact_unique
24	4-Acetylimidazo[4,5-c]pyridine		unmapped
24	L-erythro-4-Hydroxyarginine		unmapped
24	5-Methoxysalicylic acid		unmapped
24	alpha-Hydroxy-1-methyl-1H-indole-3-propanoic acid		unmapped
24	L-Valine	C00183	exact_unique
24	3-Acetamidobutanal		unmapped
24	Allantoin	C01551	exact_unique
24	N-Formyl-L-methionine	C03145	exact_unique
24	LysoPE(18:1(9Z)/0:0)		unmapped
24	3-Methyldioxyindole	C05834	exact_unique
24	Dihydrojasmonic acid		unmapped
24	L-Fucose	C01019	exact_unique
24	Dipiperamide E		unmapped
24	Acetic anhydride		unmapped
24	2,3-Dihydroxybutanedioic acid	C00898	exact_unique
24	N-Nitroso-pyrrolidine		unmapped
24	Isoquinoline	C06323	exact_unique
24	N-[(4-Hydroxy-3-methoxyphenyl)methyl]octanamide		unmapped
24	Acetylglycine		unmapped
24	L-Methionine	C00073	exact_unique
24	L-Homocysteic acid	C16511	exact_unique
24	Corticosterone	C02140	exact_unique
24	Creatinine	C00791	exact_unique
24	Garcimangosone D		unmapped
24	D-2,3-Dihydroxypropanoic acid		unmapped
24	Imidazole-4-acetaldehyde	C05130	exact_unique
24	Flusilazole	C18733	exact_unique
24	Butyrylcarnitine		unmapped
24	Dimethylmalonic acid		unmapped
24	1-Isothiocyanato-7-(methylsulfinyl)heptane		unmapped
24	Tetrahydroaldosterone-3-glucuronide		unmapped
24	6-Methylnicotinamide		unmapped
24	Orotidine		unmapped
24	Indoxyl	C05658	exact_unique
24	Pantothenic acid	C00864	exact_unique
24	Leucyl-Valine		unmapped
24	(2S,4S)-Pinnatanine		unmapped
24	Aspartylphenylalanine		unmapped
24	1-Methylnicotinamide	C02918	exact_unique
24	Methylsuccinic acid		unmapped
24	Propionylcarnitine		unmapped
24	Allantoic acid	C00499	exact_unique
24	SM(d18:1/16:0)		unmapped
24	5'-Deoxy-5'-(methylsulfinyl)adenosine		unmapped
24	Gyromitrin	C08305	exact_unique
24	Inosine	C00294	exact_unique
24	Diacetone alcohol		unmapped
24	Falcarinolone		unmapped
24	3-Methyl-2-oxovaleric acid		unmapped
24	15-KETE		unmapped
24	Fusarochromanone		unmapped
24	Cryptochlorogenic acid		unmapped
24	Isohyodeoxycholic acid		unmapped
24	Cohibin C		unmapped
24	2-Methyl-3-(2-propenyl)pyrazine		unmapped
24	L-cis-3-Amino-2-pyrrolidinecarboxylic acid		unmapped
24	Nicotinic acid	C00253	exact_unique
24	3-Methylglutarylcarnitine		unmapped
24	(R)-Pelletierine		unmapped
24	Oxypinnatanine		unmapped
24	5'-Methylthioadenosine	C00170	exact_unique
24	Dexchlorpheniramine	C06946	exact_unique
24	Ceanothine E		unmapped
24	16b-Hydroxyestradiol		unmapped
24	Methyl 6-O-galloyl-beta-D-glucopyranoside		unmapped
24	8-iso-15-keto-PGE2		unmapped
24	1-(2,3-Dihydro-1H-pyrrolizin-5-yl)-1,4-pentanedione		unmapped
24	p-Anisic acid		unmapped
24	Petroselinic acid	C08363	exact_unique
24	Indoxyl sulfate		unmapped
24	L-Acetylcarnitine		unmapped
24	N1-Methyl-4-pyridone-3-carboxamide		unmapped
24	1H-Pyrrole-2-carboxaldehyde		unmapped
24	Hypoxanthine	C00262	exact_unique
24	Glycolic acid	C00160	exact_unique
24	7,8-Dihydro-3-methylpyrrolo[1,2-a]pyrimidin-2(6H)-one		unmapped
24	5-Pyridoxolactone	C06052	exact_unique
24	Aminoacetone	C01888	exact_unique
24	Citpressine II		unmapped
24	TG(20:4(5Z,8Z,11Z,14Z)/18:0/18:3(9Z,12Z,15Z))		unmapped
24	(2S,4R,5S)-Muscarine		unmapped
24	2,6-diaminohexanoic acid	C00047	exact_unique
24	Trehalose	C01083	exact_unique
24	2-Hydroxyvaleric acid		unmapped
24	3-Formyl-6-hydroxyindole		unmapped
24	Lauroyl diethanolamide		unmapped
24	Pipertipine		unmapped
24	L-Glutamic acid	C00025	exact_unique
24	L-Iditol	C01507	exact_unique
24	11-alpha-O-beta-D-Glucopyranosyl-16alpha-O-methylneoquassin		unmapped
24	N2,N2-Dimethylguanosine		unmapped
24	Dioscoretine		unmapped
24	AICA-riboside		unmapped
24	[6]-Gingerdiol 3,5-diacetate		unmapped
24	Nigakinone	C17879	exact_unique
24	Deoxyguanosine	C00330	exact_unique
24	1-(1-Pyrrolidinyl)-2-propanone		unmapped
24	Glutaric acid	C00489	exact_unique
24	PE(24:1(15Z)/20:2(11Z,14Z))		unmapped
24	1'-Acetoxyeugenol acetate	C10427	exact_unique
24	N-Acetylasparagine		unmapped
24	Hexadecanedioic acid	C19615	exact_unique
24	(Â±)-Tryptophan		unmapped
24	Glycerol tribenzoate		unmapped
24	N2-Fructopyranosylarginine		unmapped
24	Methyl 2-furoate		unmapped
24	p-Cresol	C01468	exact_unique
24	Methylguanidine	C02294	exact_unique
24	4-Hydroxy-6-methyl-3-(1-oxobutyl)-2H-pyran-2-one		unmapped
24	4-Oxo-2-nonenal		unmapped
24	Theobromine	C07480	exact_unique
24	Traumatic acid	C16308	exact_unique
24	18-Nor-4(19),8,11,13-abietatetraene		unmapped
24	N-Acetylarylamine	C07565	exact_unique
24	Prolylglycine		unmapped
24	Pyrimidine	C00396	exact_unique
24	N-acetyltryptophan		unmapped
24	Diethylcarbamazine N-oxide		unmapped
24	Valeric acid	C00803	exact_unique
24	Deoxyinosine	C05512	exact_unique
24	Succinic acid	C00042	exact_unique
24	Quinic acid	C00296	exact_unique
24	Lysyl-Glycine		unmapped
24	3-Methylindole	C08313	exact_unique
24	D-Tagatose	C00795	exact_unique
24	Petasinine		unmapped
24	Phenol glucuronide		unmapped
24	Thioguanine	C07648	exact_unique
24	4-Propylphenol	C14311	exact_unique
24	2-Isopropylmalic acid	C02504	exact_unique
24	Nepetaside		unmapped
24	N1-(2-Hydroxyethyl)flurazepam		unmapped
24	Neopterin	C05926	exact_unique
24	Austalide D		unmapped
24	PC(16:0/16:0)		unmapped
24	Maleic acid	C01384	exact_unique
24	Acetone cyanohydrin	C02659	exact_unique
24	5-Aminopentanal	C12455	exact_unique
24	Mesalazine		unmapped
24	Estrone glucuronide	C11133	exact_unique
24	Gluconolactone	C00198	exact_unique
24	Codeine N-oxide		unmapped
24	1-Methyladenosine	C02494	exact_unique
24	Hexanoylglycine		unmapped
24	N6-Acetyl-L-lysine	C02727	exact_unique
24	3-Hydroxymethylglutaric acid		unmapped
24	3-Methoxy-4-hydroxyphenylethyleneglycol sulfate		unmapped
24	Isocitric acid	C00311	exact_unique
24	Edulisin VI		unmapped
24	Sedoheptulose	C02076	exact_unique
24	N-Acetyl-L-alanine		unmapped
24	Cyclodopa glucoside		unmapped
24	Isoleucyl-Hydroxyproline		unmapped
24	Tyrosyl-Valine		unmapped
24	Thymine	C00178	exact_unique
24	Biotin	C00120	exact_unique
24	L-alpha-Aspartyl-L-hydroxyproline		unmapped
24	Oxoglutaric acid	C00026	exact_unique
24	2-(Ethylamino)-4,5-dihydroxybenzamide		unmapped
24	Formiminoglutamic acid		unmapped
24	1,2,3,4-Tetrahydro-b-carboline-1,3-dicarboxylic acid		unmapped
24	2-Methylguanosine		unmapped
24	myo-Inositol	C00137	exact_unique
24	Acetaminophen glucuronide		unmapped
24	Prolylhydroxyproline		unmapped
24	3,5-Dimethylphenyl methylcarbamate		unmapped
24	3-Amino-2-piperidone		unmapped
24	Phenylalanylproline		unmapped
24	Cyclamic acid		unmapped
24	9,10-epoxyoctadecanoic acid	C19418	exact_unique
24	Paraldehyde	C07834	exact_unique
24	Quinolinic acid	C03722	exact_unique
24	1-(beta-D-Ribofuranosyl)-1,4-dihydronicotinamide	C15497	exact_unique
24	Arecaidine	C10128	exact_unique
24	apo-[3-methylcrotonoyl-CoA:carbon-dioxide ligase (ADP-forming)]	C04827	exact_unique
24	3alpha-Hydroxyoreadone		unmapped
24	N-Methylalanine		unmapped
24	(2R,3R,4R)-2-Amino-4-hydroxy-3-methylpentanoic acid		unmapped
24	Adipic acid	C06104	exact_unique
24	Acrylic acid	C00511	exact_unique
24	Trigonelline	C01004	exact_unique
24	N1-Acetylspermidine	C00612	exact_unique
24	Tetradecanedioic acid		unmapped
24	3-Ethylidenehexahydropyrrolo[1,2-a]pyrazine-1,4-dione		unmapped
24	D-Phenyllactic acid		unmapped
24	2-O-(5,8,11,14,17-Eicosapentaenoyl)-1-O-hexadecylglycero-3-phosphocholine		unmapped
24	5-Aminopentanoic acid	C00431	exact_unique
24	3,3-Dimethylglutaric acid		unmapped
24	Gluconic acid		unmapped
24	2-Methyl-3-propylpyrazine		unmapped
24	Pyrrolidonecarboxylic acid		unmapped
24	5-Aminopentanamide	C00990	exact_unique
24	trans-Aconitic acid	C02341	exact_unique
24	TG(18:1(9Z)/16:0/22:5(7Z,10Z,13Z,16Z,19Z))		unmapped
24	Ribothymidine		unmapped
24	3-Carboxy-2,3,4,9-tetrahydro-1H-pyrido[3,4-b]indole-1-propanoic acid		unmapped
24	Indole-3-carboxylic acid	C19837	exact_unique
24	Physoperuvine	C10864	exact_unique
24	3-Dehydroxycarnitine		unmapped
24	5,7-Dimethoxyisoflavone		unmapped
24	1,3-Dimethyluracil		unmapped
24	5-Hydroxy-4-methoxy-3-methyl-2,6-canthinedione		unmapped
24	Methylparaben		unmapped
24	2-Piperidinone		unmapped
24	2-Methyl-5-propyloxazole		unmapped
24	1H-Indole-2,3-dione	C11129	exact_unique
24	Histamine	C00388	exact_unique
24	Isovalerylglutamic acid		unmapped
24	Proline betaine	C10172	exact_unique
24	(R)-mandelic Acid	C01983	exact_unique
24	(Â±)-erythro-Isoleucine		unmapped
24	Butyramide		unmapped
24	Argpyrimidine		unmapped
24	Phenylacetylglutamine	C04148	exact_unique
24	L-Phenylalanine	C00079	exact_unique
24	Eicosapentaenoic acid	C06428	exact_unique
24	Ricinoleic acid	C08365	exact_unique
24	7-Methylinosine		unmapped
24	Succinic anhydride	C19524	exact_unique
24	D-Glucuronic acid	C16245	exact_unique
24	Methoxypyrazine		unmapped
24	N-Acetyldopamine		unmapped
24	PC(24:1(15Z)/18:2(9Z,12Z))		unmapped
24	4-Hydroxybenzeneacetonitrile		unmapped
24	5,6-Dihydroxyindole	C05578	exact_unique
24	Hydrogen phosphate		unmapped
24	Dihydroneopterin phosphate	C05925	exact_unique
24	Daidzein	C10208	exact_unique
24	Nervonyl carnitine		unmapped
24	2-Acetyl-3,6-dimethylpyrazine		unmapped
24	Dihydrouracil	C00429	exact_unique
24	Ethyl 2-furanyl diketone		unmapped
24	4-Dodecylbenzenesulfonic Acid		unmapped
24	Ribitol	C00474	exact_unique
24	Azelaic acid	C08261	exact_unique
24	2-[2-(4-Hydroxy-3-methoxyphenyl)ethyl]-5-octylfuran		unmapped
24	7-Aminomethyl-7-carbaguanine	C16675	exact_unique
24	5-Oxo-2(5H)-isoxazolepropanenitrile		unmapped
24	(2R,3R)-2,3-Butanediol		unmapped
24	Phenylglyoxylic acid	C02137	exact_unique
24	N-Acetyl-L-phenylalanine	C03519	exact_unique
24	N,O-Didesmethylvenlafaxine		unmapped
24	1-Pyrroline	C15668	exact_unique
24	2,5-Dihydro-2,4-dimethyloxazole		unmapped
24	2-Methylbutyrylglycine		unmapped
24	Sucrose	C00089	exact_unique
24	2-tert-Butyl-1,4-benzenediol		unmapped
24	Methylglutaric acid		unmapped
24	Benzyl formate		unmapped
24	gamma-Aminobutyric acid	C00334	exact_unique
24	Rhamnose		unmapped
24	(2E,11Z)-5-[5-(Methylthio)-4-penten-2-ynyl]-2-furanacrolein		unmapped
24	Pyro-L-glutaminyl-L-glutamine		unmapped
24	FAPy-adenine		unmapped
24	1-Methylhistidine	C01152	exact_unique
24	Asparaginyl-Hydroxyproline		unmapped
24	6-Methyladenine		unmapped
24	Choline	C00114	exact_unique
24	o-Cresol	C01542	exact_unique
24	Fumaric acid	C00122	exact_unique
24	Urothion		unmapped
24	[4]-Gingerdiol 3,5-diacetate		unmapped
24	2-Phenylglycine		unmapped
24	Garcinia lactone dibutyl ester		unmapped
24	Vicine	C08437	exact_unique
24	Sarcosine	C00213	exact_unique
24	Beta-Aminopropionitrile	C05670	exact_unique
24	L-Gulose	C15923	exact_unique
24	Urocanic acid	C00785	exact_unique
24	2-Methylbutyroylcarnitine		unmapped
24	4-Guanidinobutanoic acid		unmapped
24	L-Leucine	C00123	exact_unique
24	Ethisterone	C14487	exact_unique
24	Caprylic acid	C06423	exact_unique
24	L,L-Cyclo(leucylprolyl)		unmapped
24	2-[(5-Methylsulfinyl)-4-penten-2-ynylidene]-1,6-dioxaspiro[4.4]non-3-ene		unmapped
24	Threonic acid		unmapped
24	2,6-Dimethylpyrazine		unmapped
24	cis-Aconitic acid	C00417	exact_unique
24	2,6-Toluenediamine		unmapped
24	Sphinganine	C00836	exact_unique
24	Pentanenitrile		unmapped
24	Pseudouridine	C02067	exact_unique
24	Valyl-Lysine		unmapped
24	1-Methyl-3-(2-thiazolyl)-1H-indole		unmapped
24	Benzaldehyde	C00261	exact_unique
24	Formylanthranilic acid		unmapped
24	Deoxyadenosine	C00559	exact_unique
24	DG(22:5(7Z,10Z,13Z,16Z,19Z)/16:0/0:0)		unmapped
24	Squamolone		unmapped
24	Phosphorylcholine	C00588	exact_unique
24	7-Methylguanosine		unmapped
24	Plantagonine		unmapped
24	Creatine	C00300	exact_unique
24	3-Furoic acid		unmapped
24	4,5-Dimethyloxazole		unmapped
24	all-trans-Retinoic acid	C00777	exact_unique
24	1-Aminocyclopropanecarboxylic acid		unmapped
24	4-Pyridoxic acid	C00847	exact_unique
24	Xanthine	C00385	exact_unique
24	Methylpyrazine		unmapped
24	2-Methylglutaric acid		unmapped
24	N-(5-Methyl-3-oxohexyl)alanine		unmapped
24	2,4-Dihydroxy-7,8-dimethoxy-2H-1,4-benzoxazin-3(4H)-one 2-glucoside		unmapped
24	Cyclic AMP	C00575	exact_unique
24	Acesulfame		unmapped
24	Prulaurasin		unmapped
24	Azaspiracid 4		unmapped
24	2-Indolecarboxylic acid		unmapped
24	2-Phenylacetamide	C02505	exact_unique
24	beta-Alanine	C00099	exact_unique
24	Phenylacetic acid	C07086	exact_unique
24	Methylimidazole acetaldehyde	C05827	exact_unique
24	p-Mentha-1,3,5,8-tetraene		unmapped
24	1-nitrosonaphthalene	C14788	exact_unique
24	Curcumin III		unmapped
24	Dyspropterin		unmapped
24	5-Methylcytidine		unmapped
24	Dopamine quinone	C17755	exact_unique
24	3-Methylguanine	C02230	exact_unique
24	L-Phosphoarginine		unmapped
24	Succinic acid semialdehyde		unmapped
24	Pandamarilactonine A		unmapped
24	4-Aminohippuric acid		unmapped
24	Gynocardin	C08331	exact_unique
24	D-Malic acid	C00497	exact_unique
24	Uridine	C00299	exact_unique
24	Cytosine	C00380	exact_unique
24	Valyl-Proline		unmapped
24	3-Hydroxyisovalerylcarnitine		unmapped
24	Solavetivone	C09737	exact_unique
24	L-Histidine	C00135	exact_unique
24	N-Acetylhistidine		unmapped
24	Phytosphingosine	C12144	exact_unique
24	5-(3-Pyridyl)-2-hydroxytetrahydrofuran	C19578	exact_unique
24	D-1-Piperideine-2-carboxylic acid		unmapped
24	L-Coprine		unmapped
24	N6-Carbamoyl-L-threonyladenosine		unmapped
24	5-Hydroxy-L-tryptophan	C00643	exact_unique
24	L-Carnitine	C00318	exact_unique
24	Pyruvic acid	C00022	exact_unique
24	Phenylacetaldehyde	C00601	exact_unique
24	Asymmetric dimethylarginine		unmapped
24	Ricinine	C01526	exact_unique
24	Triethanolamine	C06771	exact_unique
24	N-Acetylglutamic acid		unmapped
24	Eremopetasitenin C2		unmapped
24	Theaspirone A		unmapped
24	Theophylline	C07130	exact_unique
24	Epidermin		unmapped
24	Isobornyl propionate		unmapped
24	Fexofenadine	C06999	exact_unique
24	Kanzonol I		unmapped
24	4-Hydroxybenzylamine		unmapped
24	5-Aminoimidazole-4-carboxamide		unmapped
24	Homoarecoline		unmapped
24	Pyrrole-2-carboxylic acid		unmapped
24	Taurine	C00245	exact_unique
24	Picolinic acid	C10164	exact_unique
24	N4-Acetylcytidine	C22293	exact_unique
24	N-Ethylglycine	C11735	exact_unique
24	(+)-2,3-Dihydro-3-methyl-1H-pyrrole		unmapped
24	8-Butanoylneosolaniol		unmapped
24	Cycloartocarpin		unmapped
24	beta-D-Glucosamine	C08349	exact_unique
24	3-Aminocaproic acid		unmapped
24	xi-2,3-Dihydro-2-oxo-1H-indole-3-acetic acid		unmapped
24	1-Methylhistamine	C05127	exact_unique
24	1-Methylguanosine		unmapped
24	1-Pyrrolidinecarboxaldehyde		unmapped
24	L-Arginine	C00062	exact_unique
24	Ethyl dodecanoate		unmapped
24	N-Hydroxy-1-aminonaphthalene	C14789	exact_unique
24	4-Trimethylammoniobutanal	C01149	exact_unique
24	5-Hydroxy-4-methoxy-6-canthinone 3-N-oxide		unmapped
24	2-Keto-3-deoxy-D-gluconic acid		unmapped
24	D-Erythroascorbic acid 1'-a-D-glucoside		unmapped
24	D-Proline	C00763	exact_unique
24	Dethiobiotin	C01909	exact_unique
24	2-Amino-3,8-dimethyl-3H-imidazo[4,5-f]quinoxaline		unmapped
24	Aldehydo-D-xylose		unmapped
24	N-(2R-Hydroxyhexacosanoyl)-2S-amino-1,3S,4R-octadecanetriol		unmapped
24	(E)-Monocrotophos		unmapped
24	Pyroglutamic acid	C01879	exact_unique
24	N-Alpha-acetyllysine		unmapped
24	Suberic acid	C08278	exact_unique
24	Hydroxyprolyl-Leucine		unmapped
24	Quinacridone		unmapped
24	Racemethionine		unmapped
24	Morusin	C10106	exact_unique
24	Leucinic acid		unmapped
24	Caffeine	C07481	exact_unique
24	3-Methylcytosine		unmapped
24	1-Amino-propan-2-ol		unmapped
24	Pipecolic acid	C00408	exact_unique
24	Methylimidazoleacetic acid	C05828	exact_unique
24	N-Acetyl-L-aspartic acid	C01042	exact_unique
24	Sinapoylputrescine		unmapped
24	Trimethylamine N-oxide	C01104	exact_unique
24	Uracil	C00106	exact_unique
24	Acetaminophen	C06804	exact_unique
24	Xanthurenic acid	C02470	exact_unique
24	3-Methylhistidine	C01152	exact_unique
24	N-Methyl-a-aminoisobutyric acid		unmapped
24	Indoleacetic acid	C00954	exact_unique
24	Alanyl-Aspartic acid		unmapped
24	N6-Methyladenosine		unmapped
24	Heptanoic acid	C17714	exact_unique
24	Kamahine C		unmapped
24	N-Cyclopropyl-trans-2-cis-6-nonadienamide		unmapped
24	Ethyl pentanoate		unmapped
24	Orotic acid	C00295	exact_unique
24	Phosphocreatine	C02305	exact_unique
24	2-(3,4-dihydroxyphenyl)-3,5,7-trihydroxy-3,4-dihydro-2H-1-benzopyran-4-one		unmapped
24	Imidazoleacetic acid riboside		unmapped
24	8-Acetylegelolide		unmapped
24	S-Acetyldihydrolipoamide-E	C16255	exact_unique
24	Valyl-Valine		unmapped
25	Indole	C00463	exact_unique
25	Phthalic Acid		unmapped
25	Purine	C15587	exact_unique
25	4-Hydroxybenzaldehyde	C00633	exact_unique
25	7-Methylguanine	C02242	exact_unique
25	Cuminaldehyde	C06577	exact_unique
25	Ginkgoic acid	C10794	exact_unique
25	Thiamine Triphosphate	C03028	exact_unique
25	L-Phenylalanine	C00079	exact_unique
25	2-(Formylamino)Benzoic Acid		unmapped
25	Phenethylamine	C05332	exact_unique
25	Dodecanoic Acid(C12:0)		unmapped
25	caprate (10:0)		unmapped
25	Undecanal		unmapped
25	2'-Deoxycytidine 5'-Diphosphate	C00705	exact_unique
25	Glycochenodeoxycholic Acid	C05466	exact_unique
25	6-Methylmercaptopurine	C16614	exact_unique
25	Lysopc 18:2		unmapped
25	11,12-EET [(±)11,(12)-epoxy-5Z,8Z,14Z-eicosatrienoic acid]		unmapped
25	EPA [5Z,8Z,11Z,14Z,17Z-eicosapentaenoic acid]		unmapped
25	2-Undecanone	C01875	exact_unique
25	Cinnamic Acid	C10438	exact_unique
25	PGK1 [9,11-dioxo-15S-hydroxy-prost-13E-en-1-oic acid]		unmapped
25	Tridecanoic Acid	C17076	exact_unique
25	Elaidic Acid (C18:1N9T)		unmapped
25	Pantetheine	C00831	exact_unique
25	Methyl cinnamate	C06358	exact_unique
25	Taurocholic Acid Sodium Salt Hydrate		unmapped
25	3'-UMP	C01368	exact_unique
25	Isonicotinic acid	C07446	exact_unique
25	Oleate	C00712	exact_unique
25	Hexadecanamide		unmapped
25	Isobutyl decanoate		unmapped
25	Lysopc 16:1		unmapped
25	Oleamide	C19670	exact_unique
25	sphinganine	C00836	exact_unique
25	Tetradecanedioic acid		unmapped
25	6-Phosphogluconic Acid Trisodium Salt		unmapped
25	Azelaic Acid	C08261	exact_unique
25	Hexadecanedioic acid	C19615	exact_unique
25	4-tert-Octylphenol	C14205	exact_unique
25	D-Erythronolactone		unmapped
25	Subericacid		unmapped
25	Vitamin D3	C05443	exact_unique
25	Stearidonic Acid	C16300	exact_unique
25	9-HOTrE [9S-hydroxy-10E,12Z,15Z-octadecatrienoic acid]		unmapped
25	N-Acetylphenylalanine		unmapped
25	L-Pipecolic Acid		unmapped
25	D-Arabinose	C00216	exact_unique
25	1-Naphthylacetic Acid	C13014	exact_unique
25	Dibutyl phthalate	C14214	exact_unique
25	Hexyl Acetate		unmapped
25	Ethyl dodecanoate		unmapped
25	2-Pyrrolidinone		unmapped
25	Nicotinamide	C00153	exact_unique
25	Methyl tetradecanoate		unmapped
25	3,5-Dinitrosalicylic acid	C11319	exact_unique
25	Sorbic acid		unmapped
25	9,10-DiHOME [(±)9,10-dihydroxy-12Z-octadecenoic acid]		unmapped
25	2-Deoxyribose 1-Phosphate		unmapped
25	Uracil	C00106	exact_unique
25	3-Chloro-L-Tyrosine		unmapped
25	Adenosine	C00212	exact_unique
25	2,4-Di-tert-butylphenol		unmapped
25	p-Mentha-1,3,8-triene		unmapped
25	2-(Methylthio)ethanol		unmapped
25	Hexadecanoic Acid (C16:0)		unmapped
25	Cholesterol	C00187	exact_unique
25	PHENYL-BETA-D-GLUCOPYRANOSIDE		unmapped
25	Cis-11,14,17-Eicosatrienoic Acid (C20:3)		unmapped
25	Argininosuccinic acid		unmapped
25	13-HOTrE [13S-hydroxy-9Z,11E,15Z-octadecatrienoic acid]		unmapped
25	Aspirin	C01405	exact_unique
25	L-Lactic Acid	C00186	exact_unique
25	Mono-Methyl Glutarate		unmapped
25	7-Methyluric Acid	C16355	exact_unique
25	DL-Leucine		unmapped
25	L-Leucine	C00123	exact_unique
25	L-Methionine	C00073	exact_unique
25	L-Valine	C00183	exact_unique
25	4-Ethylbenzoic Acid		unmapped
25	Indoleacetaldehyde	C00637	exact_unique
25	alpha-Cadinene	C16815	exact_unique
25	Phenylacetaldehyde	C00601	exact_unique
25	1,3-diisopropylbenzene		unmapped
25	Lysopc 20:1		unmapped
25	Glycerol 3-phosphate		unmapped
25	8,15-Dihete		unmapped
25	2-Nonanone		unmapped
25	Pyridoxine	C00314	exact_unique
25	Benzoic Acid	C00180	exact_unique
25	Lumichrome	C01727	exact_unique
25	Phosphoric Acid	C00009	exact_unique
25	13-oxoODE [13-oxo-9Z,11E-octadecadienoic acid]		unmapped
25	Bisphenol propane		unmapped
25	2-(Methylthio)benzothiazole		unmapped
25	Octadecanamide	C13846	exact_unique
25	Lysopc 18:0		unmapped
25	o-Xylene	C07212	exact_unique
25	Taurochenodesoxycholic Acid		unmapped
25	Benzophenone	C06354	exact_unique
25	PAF C-16		unmapped
25	Β-Nicotinamide Mononucleotide		unmapped
25	RICINOLEIC ACID	C08365	exact_unique
25	Methylcysteine		unmapped
25	15-deoxy-δ-12,14-PGJ2		unmapped
25	Urea	C00086	exact_unique
25	Adenine	C00147	exact_unique
25	Hippuric Acid	C01586	exact_unique
25	Vanillin	C00755	exact_unique
25	Lysope 18:0		unmapped
25	Methylparaben		unmapped
25	Palmitaldehyde	C00517	exact_unique
25	beta-Cubebene	C09648	exact_unique
25	L-Proline	C00148	exact_unique
25	N-Acetylglycine		unmapped
25	2-Pentadecanone		unmapped
25	Propylparaben		unmapped
25	Succinic anhydride	C19524	exact_unique
25	L-Homocystine	C01817	exact_unique
25	carene		unmapped
25	Porphobilinogen	C00931	exact_unique
25	Xylose	C01394	exact_unique
25	Methyl hexadecanoate		unmapped
25	6-Aminocaproic Acid	C02378	exact_unique
25	Shikimic Acid	C00493	exact_unique
25	2-Acetylfuran		unmapped
25	Palmitoleic Acid (C16:1)		unmapped
25	proline betaine	C10172	exact_unique
25	Betaine	C00719	exact_unique
25	Lysopc 17:0		unmapped
25	Pyrene	C14335	exact_unique
25	Allantoin	C01551	exact_unique
25	L-Tyrosine	C00082	exact_unique
25	Punicic Acid	C08364	exact_unique
25	Raffinose	C00492	exact_unique
25	D-Glucoronic Acid		unmapped
25	N-Oleoyl Glycine		unmapped
25	Nonadecylic acid	C16535	exact_unique
25	Lysopc 20:2		unmapped
25	1-Naphthol	C11714	exact_unique
25	Riboflavin	C00255	exact_unique
25	N-lactoyl-phenylalanine		unmapped
25	Pantothenol	C05944	exact_unique
25	Scyllo inositol		unmapped
25	Phenylacetyl-L-Glutamine		unmapped
25	Cytosine	C00380	exact_unique
25	12,13-EpOME  [(±)12(13)epoxy-9Z-octadecenoic acid]		unmapped
25	Benzylcinnamate		unmapped
25	Lysope 16:0		unmapped
25	N-Acetyl-L-alanine		unmapped
25	Homovanillic Acid	C05582	exact_unique
25	Lysopc 16:0		unmapped
25	Terephthalic Acid	C06337	exact_unique
25	Lysopc 18:3		unmapped
25	L-Cysteine	C00097	exact_unique
25	Choline chloride		unmapped
25	Arachidic Acid(C20:0)		unmapped
25	2-(3,4-dimethoxyphenyl)ethanamine		unmapped
25	3-(Methylthio)-1-propanol		unmapped
25	Cytidine-5-Monophosphate		unmapped
25	Methyl dihydrojasmonate		unmapped
25	Α-Linolenic Acid(C18:3N3)		unmapped
25	Methylstearate		unmapped
25	2-Hydroxycinnamic acid		unmapped
25	Hexyl butyrate		unmapped
25	9-oxoODE [9-oxo-10E,12Z-octadecadienoic acid]		unmapped
25	2-nonanol		unmapped
25	Glycocholic Acid	C01921	exact_unique
25	Ethylsalicylate		unmapped
25	Furfural	C14279	exact_unique
25	D-Trehalose		unmapped
25	Lysopc 18:1		unmapped
25	Spermidine	C00315	exact_unique
25	D-Xylulose 5-phosphate	C00231	exact_unique
25	2-Pentyl-3-phenyl-2-propenal		unmapped
25	1-PENTADECANOL		unmapped
25	Lysopc 14:0		unmapped
25	L-Gulonic-Γ-Lactone		unmapped
25	Phe-Phe		unmapped
25	D-Melezitose		unmapped
25	Lysopc 15:0		unmapped
25	2,6-Di-tert-butyl-4-methylphenol		unmapped
25	1,4-Xylene		unmapped
25	6β-hydroxytestosterone		unmapped
25	9,10-EpOME  [(±)9,10-epoxy-12Z-octadecenoic acid]		unmapped
25	Urocanic Acid	C00785	exact_unique
25	Acetyl-L-carnitine		unmapped
25	Lysopa 16:0		unmapped
25	Linoleic Acid (C18:2N6C)		unmapped
25	Oxoadipic Acid		unmapped
25	2,2,2-Trichloroethanol	C07490	exact_unique
25	Cis-3-Hexenylacetate		unmapped
25	Lysope 18:1		unmapped
25	Vanillylmandelic acid	C05584	exact_unique
40	Losartan carboxylic acid		unmapped
40	Guanidinoethyl Sulfonate		unmapped
40	4-(4-Hydroxyaniline)-6,7-Dimethoxyquinazoline-JANEX-1		unmapped
40	Triamterene		unmapped
40	2,6-Di-tert-butyl-4-(hydroxymethyl)phenol		unmapped
40	7alpha-Hydroxy-4-cholesten-3-one		unmapped
40	Traumatin	C16309	exact_unique
40	Propofol Glucuronide		unmapped
40	Benzaldehyde	C00261	exact_unique
40	Tridecanedioic acid		unmapped
40	SPH(d18:2)		unmapped
40	Pyrocatechol	C00090	exact_unique
40	LPE(O-18:2)		unmapped
40	N-Phenylacetylglycine		unmapped
40	Dodecanedioic Acid	C02678	exact_unique
40	Pregnanetriol		unmapped
40	Indole-5-carboxylic acid		unmapped
40	Inosine	C00294	exact_unique
40	Indole 3-carbinol		unmapped
40	SPH(d18:0)		unmapped
40	3-Amino-4-methylpentanoic acid		unmapped
40	Carnitine C22:1		unmapped
40	LPE(O-18:1/0:0)		unmapped
40	LPE(0:0/18:3)		unmapped
40	FFA(34:6)		unmapped
40	L-Arginine	C00062	exact_unique
40	LPE(P-18:0)		unmapped
40	3-Guanidinopropionic acid		unmapped
40	LPE(P-18:1)		unmapped
40	LPE(22:5/0:0)		unmapped
40	N-Acetylcysteine		unmapped
40	LPE(20:5/0:0)		unmapped
40	Phenoxyacetic acid	C02181	exact_unique
40	LPE(0:0/20:2)		unmapped
40	LPE(20:3/0:0)		unmapped
40	LPE(0:0/20:3)		unmapped
40	LPE(0:0/22:6)		unmapped
40	LPE(0:0/22:5)		unmapped
40	Lys-His		unmapped
40	3-(2-Hydroxyphenyl)propanoic acid		unmapped
40	3-Indole carboxylic acid glucuronide		unmapped
40	L-Asparagine Anhydrous		unmapped
40	Azelaic Acid	C08261	exact_unique
40	Indole	C00463	exact_unique
40	5-Acetylamino-6-amino-3-methyluracil	C16366	exact_unique
40	10-deoxyformamycin		unmapped
40	LPC(26:4)		unmapped
40	LPE(18:2/0:0)		unmapped
40	N-Isovaleroylglycine		unmapped
40	3-(imidazol-4-yl)propionic acid		unmapped
40	Uridine 5-Monophosphate		unmapped
40	LPE(20:2/0:0)		unmapped
40	1,3-Diphenylguanidine		unmapped
40	LPE(18:3/0:0)		unmapped
40	TG(15:0_17:0_18:0)		unmapped
40	Daidzein	C10208	exact_unique
40	Sebacate		unmapped
40	LPE(P-16:0)		unmapped
40	LPE(20:1/0:0)		unmapped
40	Leu-Val		unmapped
40	N-Butyrylglycine		unmapped
40	TG(10:0_16:0_12:0)		unmapped
40	PG(9:0_22:4)		unmapped
40	LPE(17:0/0:0)		unmapped
40	CE(22:3)		unmapped
40	LPE(17:1/0:0)		unmapped
40	LPE(0:0/15:0)		unmapped
40	LPE(14:0/0:0)		unmapped
40	Agmatine	C00179	exact_unique
40	PS(18:0_22:0)		unmapped
40	O-Desmethylnaproxen		unmapped
40	Benzoylformic Acid	C02137	exact_unique
40	PE(P-18:1_18:2)		unmapped
40	Val-Thr		unmapped
40	Cyclo(Phe-Glu)		unmapped
40	CE(16:0)		unmapped
40	LPE(18:1/0:0)		unmapped
40	CMPentylF		unmapped
40	LPA(22:6)		unmapped
40	Phe-Hyp		unmapped
40	N,N-Bis(2-hydroxyethyl)dodecanamide		unmapped
40	LPE(18:0/0:0)		unmapped
40	Met-Asp		unmapped
40	PE-NMe(16:1(9Z)/18:1(11Z))		unmapped
40	CE(18:0)		unmapped
40	Subericacid		unmapped
40	PC(18:2_20:5)		unmapped
40	Carnitine C5:1		unmapped
40	Leu-Ala-Val		unmapped
40	LPE(0:0/16:1)		unmapped
40	PC(15:1_18:2)		unmapped
40	1-methylhistamine	C05127	exact_unique
40	Carnitine C3:0		unmapped
40	PE(P-16:0_18:2)		unmapped
40	LPE(16:1/0:0)		unmapped
40	LPE(0:0/18:0)		unmapped
40	FFA(22:6)		unmapped
40	3-(3-Hydroxyphenyl)Propionate Acid		unmapped
40	Uridine	C00299	exact_unique
40	Acetylcholine	C01996	exact_unique
40	Cholesterol	C00187	exact_unique
40	LPA(0:0/18:1)		unmapped
40	2-Phenylpropylamine		unmapped
40	MG(18:1/0:0/0:0)		unmapped
40	L-NIO-hydrochloride		unmapped
40	DL-Carnitine		unmapped
40	2-Phenylacetamide	C02505	exact_unique
40	Nicotinic Acid	C00253	exact_unique
40	N-(2-hydroxyethyl)stearamide		unmapped
40	3-Methylglutaric acid		unmapped
40	PE(P-16:0_22:5)		unmapped
40	PE(P-18:0_18:2)		unmapped
40	CerP(d18:1/20:3)		unmapped
40	CE(19:2)		unmapped
40	LPE(0:0/16:0)		unmapped
40	PI(15:0_18:2)		unmapped
40	PS(18:0_24:0)		unmapped
40	PC(14:0_18:2)		unmapped
40	PE(P-18:2_18:2)		unmapped
40	Creatine	C00300	exact_unique
40	L-Lactic Acid	C00186	exact_unique
40	LPE(16:0/0:0)		unmapped
40	LPC(0:0/12:0)		unmapped
40	4-Acetamidobutyric Acid		unmapped
40	Pyroglutamic acid	C01879	exact_unique
40	PE(O-18:3_18:2)		unmapped
40	PS(17:0_21:1)		unmapped
40	Ergothioneine	C05570	exact_unique
40	2-Mercaptobenzothiazole	C14437	exact_unique
40	PE(O-18:2_22:5)		unmapped
40	PE(P-18:0_22:5)		unmapped
40	LPS(20:0)		unmapped
40	PS(18:0_21:1)		unmapped
40	PS(20:0_18:2)		unmapped
40	CE(18:2)		unmapped
40	PA(20:1_18:2)		unmapped
40	PE(P-18:1_22:5)		unmapped
40	PS(18:0_20:2)		unmapped
40	LPC(0:0/14:0)		unmapped
40	LPG(18:1/0:0)		unmapped
40	Phenethylamine	C05332	exact_unique
40	PI(17:0_18:0)		unmapped
40	Maleic Acid	C01384	exact_unique
40	Fumaric Acid	C00122	exact_unique
40	PA(18:0_22:5)		unmapped
40	PE(14:0_20:2)		unmapped
40	11,12-EET	C14770	exact_unique
40	PE(20:2_22:5)		unmapped
40	PC(18:0_24:4)		unmapped
40	Carnitine C4:1-2OH		unmapped
40	(±)5-HETE		unmapped
40	PE(P-18:0_22:6)		unmapped
40	Cyclo(Phe-Pro)		unmapped
40	Cyclo(Pro-Phe)		unmapped
40	LNAPE(22:5/N-20:2)		unmapped
40	14(S)-HDHA		unmapped
40	3'-Adenylic acid	C01367	exact_unique
40	Deoxyguanosine 5'-monophosphate(dGMP)		unmapped
40	SM(d18:1/12:0)		unmapped
40	Piperidine acid		unmapped
40	PE(20:2_22:6)		unmapped
40	Carnitine C4:0		unmapped
40	Ser-Leu		unmapped
40	Ser-Ile		unmapped
40	PA(20:0_18:3)		unmapped
40	PE(O-16:1_22:5)		unmapped
40	FFA(18:4)		unmapped
40	PA(18:0_22:6)		unmapped
40	PE(O-18:0_22:5)		unmapped
40	SM(d18:1/14:0)		unmapped
40	SM(d18:1/24:0)		unmapped
40	Carnitine C24:5		unmapped
40	LPC(12:0/0:0)		unmapped
40	Mesaconic acid	C01732	exact_unique
40	L-Tryptophanamide	C00977	exact_unique
40	PC(14:0_17:1)		unmapped
40	Cys-Pro		unmapped
40	PE(P-18:2_22:6)		unmapped
40	SM(d18:1/23:0)		unmapped
40	LPE(0:0/18:2)		unmapped
40	PC(O-16:1_18:2)		unmapped
40	SPH(d18:1)		unmapped
40	PE(15:0_18:2)		unmapped
40	LPE(0:0/20:5)		unmapped
40	PE(O-18:2_18:2)		unmapped
40	PS(18:0_22:1)		unmapped
40	PG(18:0_22:1)		unmapped
40	Cer(d18:0/19:1)		unmapped
40	Carnitine C22:2		unmapped
40	S1P(d18:0)		unmapped
40	D-Malic acid	C00497	exact_unique
40	1-pyrroline-4-hydroxy-2-carboxylate	C04282	exact_unique
40	PG(18:2_22:5)		unmapped
40	PE(P-16:0_22:6)		unmapped
40	Cer(t30:0/18:1(2OH))		unmapped
40	Lythramine	C10604	exact_unique
40	HexCer(d16:1/22:0)		unmapped
40	TG(12:0_16:0_16:0)		unmapped
40	PE(O-16:0_20:5)		unmapped
40	PC(14:0_22:6)		unmapped
40	CE(19:1)		unmapped
40	PG(16:0_22:1)		unmapped
40	PA(20:0_22:6)		unmapped
40	2-Methylglutaric Acid		unmapped
40	LPC(O-18:3)		unmapped
40	PC(18:2_18:2)		unmapped
40	PE(P-20:2_22:6)		unmapped
40	FAHFA(8:0/10:0)		unmapped
40	PE(O-18:1_22:6)		unmapped
40	PE(O-18:2_22:6)		unmapped
40	CE(15:0)		unmapped
40	PC(16:1_18:2)		unmapped
40	PC(O-16:0_22:0)		unmapped
40	PG(19:0_15:1)		unmapped
40	Cyclo(Pro-Leu)		unmapped
40	PC(8:0/8:0)		unmapped
40	LPE(P-20:0)		unmapped
40	LPC(17:2/0:0)		unmapped
40	PC(20:5_18:0)		unmapped
40	PC(18:2_19:2)		unmapped
40	12,13-DiHOME		unmapped
40	(R)-(-)-Mandelic acid		unmapped
40	PC(14:0_20:5)		unmapped
40	LPE(0:0/14:0)		unmapped
40	Trolox		unmapped
40	SM(d18:2/14:0)		unmapped
40	LPC(0:0/22:4)		unmapped
40	PE(P-20:1_18:2)		unmapped
40	PI(16:0_14:1)		unmapped
40	PE(O-16:1_22:6)		unmapped
40	TriacetonaMine		unmapped
40	PE(O-18:0_22:6)		unmapped
40	LNAPE(20:4/N-22:4)		unmapped
40	PE(P-18:2_18:1)		unmapped
40	CE(18:1)		unmapped
40	20-COOH-AA		unmapped
40	PC(16:0_14:0)		unmapped
40	9-oxoODE	C14766	exact_unique
40	PS(18:0_15:1)		unmapped
40	HexCer(d18:2/24:0)		unmapped
40	SM(d18:2/24:3)		unmapped
40	3-Hydroxyphenylacetic acid	C05593	exact_unique
40	PE(O-18:0_20:5)		unmapped
40	LPC(19:2)		unmapped
40	PA(20:0_18:2)		unmapped
40	Carnitine C9:1		unmapped
40	CE(20:1)		unmapped
40	PE(O-18:1_22:5)		unmapped
40	LPC(O-14:1)		unmapped
40	Cer(d18:2/24:0(2OH))		unmapped
40	Morpholine ethanesulfonic acid		unmapped
40	PE(18:2_22:1)		unmapped
40	PC(18:2_20:3)		unmapped
40	PE(O-18:2_20:5)		unmapped
40	PC(14:0_20:4)		unmapped
40	PS(18:0_17:1)		unmapped
40	PG(18:1_21:2)		unmapped
40	PE(18:2_22:5)		unmapped
40	CE(17:2)		unmapped
40	LPG(22:5)		unmapped
40	PS(21:0_22:6)		unmapped
40	PE(22:2_22:5)		unmapped
40	PE(20:2_20:4)		unmapped
40	CE(18:3)		unmapped
40	(±)12-HETE		unmapped
40	PE(20:2_20:5)		unmapped
40	N-Benzoylanthranilic acid		unmapped
40	PS(18:2_20:2)		unmapped
40	Creatinine	C00791	exact_unique
40	S-methyl-L-thiocitrulline		unmapped
40	CE(14:0)		unmapped
40	HexCer(d18:1/22:0)		unmapped
40	PE(17:1_18:1)		unmapped
40	Cyclo(Pro-Val)		unmapped
40	Tetranor-12(R)-HETE		unmapped
40	PG(18:0_16:1)		unmapped
40	PC(18:2_22:6)		unmapped
40	HexCer(d18:1/23:0)		unmapped
40	1,7-Dimethylxanthine	C13747	exact_unique
40	Theophylline	C07130	exact_unique
40	Carnitine C18:1:2DC		unmapped
40	Glycolithocholic acid	C15557	exact_unique
40	PE(O-16:1_20:5)		unmapped
40	SM(d18:1/25:0)		unmapped
40	Taurine	C00245	exact_unique
40	N-acetylpyrrolidine		unmapped
40	PI(16:0_19:0)		unmapped
40	PC(O-16:0_14:0)		unmapped
40	PG(21:0_18:2)		unmapped
40	PE(O-16:0_22:6)		unmapped
40	LPA(20:0/0:0)		unmapped
40	LPC(14:1/0:0)		unmapped
40	Chenodeoxycholic acid	C02528	exact_unique
40	Cer(d18:2/40:1(2OH))		unmapped
40	PS(21:0_18:3)		unmapped
40	2-Hexadecanoylthio-1-ethylphosphorylcholine		unmapped
40	Pro-Ile		unmapped
40	L-Cysteine	C00097	exact_unique
40	PC(O-16:0_18:2)		unmapped
40	20,26-dihydroxyecdysone	C16500	exact_unique
40	5'-Deoxy-5'-(Methylthio) Adenosine		unmapped
40	PC(13:1_18:2)		unmapped
40	PE(17:1_22:6)		unmapped
40	PE(P-16:0_18:1)		unmapped
40	Benzoic Acid	C00180	exact_unique
40	PE(20:1_18:2)		unmapped
40	PC(20:4_20:4)		unmapped
40	PE(P-20:1_22:6)		unmapped
40	PE(O-18:3_18:1)		unmapped
40	Hex2Cer(d18:1/16:0)		unmapped
40	PE(O-22:0_18:2)		unmapped
40	PE(P-18:1_18:1)		unmapped
40	Octadecanedioic acid		unmapped
40	LPC(0:0/20:0)		unmapped
40	PC(18:0_18:2)		unmapped
40	TG(12:0_14:0_16:0)		unmapped
40	LPC(20:0/0:0)		unmapped
40	PS(17:2_18:2)		unmapped
40	Cyclamic acid		unmapped
40	LPC(22:0/0:0)		unmapped
40	PC(O-18:1_22:1)		unmapped
40	13(R)-HODE		unmapped
40	7-Methylxanthine	C16353	exact_unique
40	PS(18:0_22:5)		unmapped
40	PE(O-16:0_18:2)		unmapped
40	SHexCer(d18:1/16:0(OH))		unmapped
40	Phenprocoumon		unmapped
40	LPC(0:0/18:3)		unmapped
40	Hydroquinone	C00530;C15603	ambiguous
40	16-Hydroxyhexadecanoic acid	C18218	exact_unique
40	2-hydroxyhexadecanoic acid		unmapped
40	PG(18:2_22:2)		unmapped
40	3-Indolebutyric Acid		unmapped
40	Carnitine C5-OH		unmapped
40	3,7-Dimethyluric Acid	C16360	exact_unique
40	PE(P-16:0_20:5)		unmapped
40	SM(d18:0/22:0)		unmapped
40	PC(O-16:0_14:1)		unmapped
40	PE(P-16:1_22:2)		unmapped
40	PC(15:0_20:3)		unmapped
40	Kynurenic Acid	C01717	exact_unique
40	Carnitine C7:1 Isomer1		unmapped
40	PC(16:0_22:0)		unmapped
40	PC(16:0_18:2)		unmapped
40	PE(17:2_20:3)		unmapped
40	PA(20:1_20:4)		unmapped
40	PE(P-18:1_20:4)		unmapped
40	MGDG(18:1_18:1)		unmapped
40	FFA(17:0)		unmapped
40	Cer(d18:2/42:2(2OH))		unmapped
40	PS(16:0_21:1)		unmapped
40	DG(18:2_22:6)		unmapped
40	CE(22:2)		unmapped
40	PG(14:0_20:5)		unmapped
40	18β-Glycyrrhetinic acid		unmapped
40	TG(18:0_16:1_24:6)		unmapped
40	3-Indoleacrylic acid		unmapped
40	PE(P-16:0_20:4)		unmapped
40	PI(18:0_19:0)		unmapped
40	HexCer(d18:2/22:0)		unmapped
40	Cer(d17:1/26:0)		unmapped
40	PS(20:1_20:4)		unmapped
40	PE(O-16:0_20:4)		unmapped
40	SM(d18:0/14:0)		unmapped
40	Cer(t18:1/25:0)		unmapped
40	HexCer(d18:1/24:0)		unmapped
40	HexCer(d18:1/16:1)		unmapped
40	D-Gluconic Acid	C00257	exact_unique
40	PS(20:0_22:6)		unmapped
40	CerP(d18:1/18:3)		unmapped
40	PC(18:1_18:2)		unmapped
40	Monomethyl Fumarate		unmapped
40	PC(17:0_18:2)		unmapped
40	PA(18:0_18:0)		unmapped
40	PC(O-14:0_20:4)		unmapped
40	SM(d18:1/15:0)		unmapped
40	Allysine	C04076	exact_unique
40	FFA(22:5)		unmapped
40	PE(P-16:0_16:0)		unmapped
40	PC(18:2_18:3)		unmapped
40	CE(17:1)		unmapped
40	HexCer(d18:2/16:0)		unmapped
40	PG(17:0_22:1)		unmapped
40	PI(14:1_18:1)		unmapped
40	PE(20:1_20:5)		unmapped
40	PE(O-18:0_18:2)		unmapped
40	PE(O-16:1_20:3)		unmapped
40	PE(22:3_20:4)		unmapped
40	Betaine	C00719	exact_unique
40	Theobromine	C07480	exact_unique
40	PE(O-16:1_20:4)		unmapped
40	PA(17:1_21:1)		unmapped
40	PE(P-18:0_20:4)		unmapped
40	PC(20:2_20:4)		unmapped
40	Cuminaldehyde	C06577	exact_unique
40	PG(19:0_20:4)		unmapped
40	PG(19:2_20:4)		unmapped
40	HexCer(d18:1/16:0)		unmapped
40	TG(12:0_14:0_18:2)		unmapped
40	PI(13:0_18:2)		unmapped
40	PE(P-18:0_18:0)		unmapped
40	PE(O-17:1_18:2)		unmapped
40	PS(19:0_18:2)		unmapped
40	PC(13:0_18:0)		unmapped
40	Cer(d18:2/25:0)		unmapped
40	PE(18:2_19:1)		unmapped
40	LPC(O-20:3)		unmapped
40	Cer(d18:1/24:0)		unmapped
40	Cyromazine	C14147	exact_unique
40	L-Phenylalanine	C00079	exact_unique
40	PE(18:0_20:5)		unmapped
40	Choline	C00114	exact_unique
40	LPA(0:0/22:6)		unmapped
40	PS(18:2_20:4)		unmapped
40	PC(16:1_17:1)		unmapped
40	LPE(0:0/18:1)		unmapped
40	Methyl Indole-3-Acetate		unmapped
40	PE(17:1_18:2)		unmapped
40	PG(18:2_20:4)		unmapped
40	Cycloleucine	C03969	exact_unique
40	PE(P-18:2_20:4)		unmapped
40	CE(16:1)		unmapped
40	LPC(19:0/0:0)		unmapped
40	2-Hydroxyglutaric acid	C02630	exact_unique
40	3-Hydroxyglutaric acid		unmapped
40	Citramalic Acid	C00815	exact_unique
40	PC(O-20:0_20:4)		unmapped
40	PE(P-18:1_20:2)		unmapped
40	SM(d18:1/22:1)		unmapped
40	PE(P-18:0_20:1)		unmapped
40	PS(14:1_19:1)		unmapped
40	PA(16:0_20:1)		unmapped
40	DG(18:1_22:6)		unmapped
40	PC(O-16:1_20:5)		unmapped
40	FFA(20:0)		unmapped
40	Leu-Glu		unmapped
40	Glu-Ile		unmapped
40	Ile-Glu		unmapped
40	9,10-Epoxy-18-hydroxyoctadecanoic acid		unmapped
40	Monobutyl phthalate		unmapped
40	Methyl-furan-2-carboxylate		unmapped
40	Leu-Ala		unmapped
40	TG(14:0_14:0_16:0)		unmapped
40	α-Ketoglutaric Acid (α-KG)		unmapped
40	PE(18:1_22:2)		unmapped
40	PE(14:0_22:4)		unmapped
40	LPG(0:0/18:2)		unmapped
40	3,4-Dimethoxycinnamic acid		unmapped
40	LPC(16:2/0:0)		unmapped
40	Cer(d16:1/22:0)		unmapped
40	2-Phenylbutyric acid		unmapped
40	Cer(d16:1/23:0)		unmapped
40	LPC(0:0/20:5)		unmapped
40	Cer(d18:2/22:0)		unmapped
40	PC(16:1_22:6)		unmapped
40	Carnitine C7:1		unmapped
40	SE(28:1_18:2)		unmapped
40	PA(22:1_20:4)		unmapped
40	PS(18:0_23:0)		unmapped
40	Cer(d16:1/24:0)		unmapped
40	FFA(18:3)		unmapped
40	Pinolenic acid		unmapped
40	LPC(18:0/0:0)		unmapped
40	LPE(22:6/0:0)		unmapped
40	Hex2Cer(d18:1/24:0)		unmapped
40	TG(14:1_14:1_16:1)		unmapped
40	HexCer(t17:2/40:1(2OH))		unmapped
40	PA(20:0_18:1)		unmapped
40	LPA(20:5)		unmapped
40	Hexadecanedioic acid	C19615	exact_unique
40	PE(18:2_18:2)		unmapped
40	PS(18:2_16:0)		unmapped
40	Phe-Val		unmapped
40	HexCer(d16:1/20:0)		unmapped
40	PE(P-18:1_22:6)		unmapped
40	5-Oxoproline	C01879	exact_unique
40	AG-490-(Tyrphostin-B42)		unmapped
40	Cer(d18:2/26:0)		unmapped
40	LNAPE(18:2/N-18:2)		unmapped
40	L-Gulonolactone	C01040	exact_unique
40	FFA(18:2)		unmapped
40	PI(12:0_19:2)		unmapped
40	SM(d18:2/23:1)		unmapped
40	SE(28:1_18:1)		unmapped
40	PE(O-20:3_20:4)		unmapped
40	SM(d18:1/16:1)		unmapped
40	Hexanoyl Glycine		unmapped
40	CE(20:5)		unmapped
40	PS(18:0_19:2)		unmapped
40	PE(P-18:0_18:1)		unmapped
40	N-Methyl-α-aminoisobutyric acid		unmapped
40	TG(16:0_20:4_22:6)		unmapped
40	PS(21:2_20:4)		unmapped
40	PE(P-22:1_22:6)		unmapped
40	TG(20:0_18:1_22:6)		unmapped
40	TG(15:0_14:1_16:1)		unmapped
40	Cer(d17:1/25:0)		unmapped
40	N-Formylglycine		unmapped
40	TG(14:1_16:1_22:6)		unmapped
40	PC(19:0_18:2)		unmapped
40	SHexCer(d18:1/16:0)		unmapped
40	PC(18:1_22:1)		unmapped
40	PG(18:0_24:0)		unmapped
40	PS(23:0_18:2)		unmapped
40	TG(24:0_18:1_18:2)		unmapped
40	Carnitine C11:0		unmapped
40	PE(O-18:2_20:4)		unmapped
40	TG(16:1_18:1_16:4)		unmapped
40	12,13-EpOME		unmapped
40	PE(O-18:3_20:4)		unmapped
40	PE(O-15:1_20:4)		unmapped
40	PG(18:0_18:0)		unmapped
40	SM(d18:1/26:0)		unmapped
40	PA(20:0_20:4)		unmapped
40	9,10-DiHOME		unmapped
40	LPA(16:1)		unmapped
40	Cer(d18:1/42:1(2OH))		unmapped
40	4-Acetylbutyric acid	C02129	exact_unique
40	Carnitine C6-2OH		unmapped
40	PA(18:1_20:1)		unmapped
40	PE(P-16:0_24:4)		unmapped
40	PS(18:2_22:6)		unmapped
40	TG(18:2_20:4_20:5)		unmapped
40	TG(24:0_18:1_18:1)		unmapped
40	TG(12:0_18:2_18:3)		unmapped
40	Ala-Lys		unmapped
40	Lys-Ala		unmapped
40	3,3',5-Triiodo-L-Thyronine	C02465	exact_unique
40	PS(15:0_18:2)		unmapped
40	PC(16:0_20:5)		unmapped
40	PC(O-18:1_18:2)		unmapped
40	SM(d18:2/18:1)		unmapped
40	TG(10:0_14:0_16:0)		unmapped
40	TG(18:2_18:3_22:6)		unmapped
40	CE(20:2)		unmapped
40	PC(18:0_18:0)		unmapped
40	LPA(16:0/0:0)		unmapped
40	TG(12:0_18:2_18:2)		unmapped
40	PE(P-18:0_20:5)		unmapped
40	3-Methyloxindole	C02366	exact_unique
40	Di-n-propyl-phthalate		unmapped
40	CerP(d18:1/14:0)		unmapped
40	HexCer(d18:1/25:0)		unmapped
40	PE(O-17:1_22:6)		unmapped
40	DG(14:0_20:0)		unmapped
40	PG(16:1_18:3)		unmapped
40	PS(18:0_19:1)		unmapped
40	Tauroursodeoxycholic acid	C16868	exact_unique
40	2,5-Didehydro-D-gluconate	C02780	exact_unique
40	2-(Acetylamino)-2-deoxy-A-D-glucopyranose		unmapped
40	PC(O-18:1_22:0)		unmapped
40	PE(P-24:2_18:2)		unmapped
40	9,10-EpOME		unmapped
40	CerP(d18:1/24:1)		unmapped
40	HexCer(d18:1/20:0)		unmapped
40	LPC(0:0/16:1)		unmapped
40	5,6-Dimethylbenzimidazole	C03114	exact_unique
40	PC(13:0_16:0)		unmapped
40	N-Acetyl-L-Leucine	C02710	exact_unique
40	PE(14:0_22:3)		unmapped
40	Hex2Cer(d16:1/16:0)		unmapped
40	PE(P-18:1_20:5)		unmapped
40	PS(20:3_22:6)		unmapped
40	CerP(d18:1/20:4)		unmapped
40	Cer(d18:1/25:0)		unmapped
40	Hyodeoxycholic acid		unmapped
40	Carnitine isoC4:0		unmapped
40	LPC(22:5/0:0)		unmapped
40	L-Aspartic Acid	C00049	exact_unique
40	PS(18:0_20:4)		unmapped
40	PA(18:0_20:3)		unmapped
40	PE(O-17:2_20:4)		unmapped
40	PA(20:0_20:3)		unmapped
40	HexCer(d16:1/24:0)		unmapped
40	L-2-Aminoadipate	C00956	exact_unique
40	N-Methyl-L-Glutamate	C01046	exact_unique
40	cyclo(pro-pro)		unmapped
40	Oleamide	C19670	exact_unique
40	PC(20:2_18:1)		unmapped
40	DG(16:0_22:6)		unmapped
40	PS(18:0_22:6)		unmapped
40	PC(15:0_20:5)		unmapped
40	TG(16:0_18:0_20:4)		unmapped
40	PE(O-18:1_20:1)		unmapped
40	18-Hydroxycorticosterone	C01124	exact_unique
40	Cer(t17:0/24:0(2OH))		unmapped
40	PE(O-16:1_16:0)		unmapped
40	HexCer(d18:1/24:1)		unmapped
40	PE(P-18:0_20:3)		unmapped
40	PE(P-16:0_20:2)		unmapped
40	TG(18:1_18:3_20:5)		unmapped
40	Cer(t18:0/23:1)		unmapped
40	PC(20:4_16:1)		unmapped
40	Cer(d17:1/25:1)		unmapped
40	Iminodiacetic acid		unmapped
40	PE(17:0_22:6)		unmapped
40	Cer(d22:1/26:0)		unmapped
40	PC(O-16:0_20:4)		unmapped
40	LPG(18:0)		unmapped
40	13-oxoODE	C14765	exact_unique
40	PC(15:1_22:5)		unmapped
40	TG(16:1_16:2_22:6)		unmapped
40	Cer(t17:2/33:0)		unmapped
40	PE(O-18:0_20:4)		unmapped
40	TG(12:0_18:1_22:6)		unmapped
40	PC(O-18:0_20:4)		unmapped
40	PA(18:1_26:1)		unmapped
40	PC(20:1_18:2)		unmapped
40	Cer(d19:1/23:0)		unmapped
40	Nα-Acetyl-L-glutamine		unmapped
40	PC(17:1_18:1)		unmapped
40	Cer(d19:1/25:0)		unmapped
40	Pro-Phe		unmapped
40	PG(18:0_22:0)		unmapped
40	PG(16:0_18:3)		unmapped
40	PS(20:0_20:4)		unmapped
40	PC(14:0_18:3)		unmapped
40	3-Hydroxy-2-methylbutanoic acid		unmapped
40	PG(22:0_22:6)		unmapped
40	Ginkgoic acid	C10794	exact_unique
40	PE(P-18:1_20:3)		unmapped
40	FFA(20:3)		unmapped
40	Cer(d18:1/22:0(2OH))		unmapped
40	PS(19:0_20:4)		unmapped
40	Carnitine C2:0		unmapped
40	Cer(d18:1/23:0)		unmapped
40	PI(18:1_18:2)		unmapped
40	PE(17:0_20:5)		unmapped
40	Phenyl acetate	C00548;C15583	ambiguous
40	Phe-Ala		unmapped
40	LPC(14:0/0:0)		unmapped
40	Carnitine-2-methyl-C4		unmapped
40	3-Aminoquinoline		unmapped
40	5-Nitrosalicylic acid		unmapped
40	Carnitine C5:0		unmapped
40	Hex3Cer(d18:1/16:0)		unmapped
40	PA(16:0_18:2)		unmapped
40	PE(P-19:0_20:4)		unmapped
40	PS(18:1_20:4)		unmapped
40	PC(O-16:0_22:1)		unmapped
40	Carnitine C3:1-2OH		unmapped
40	PS(15:0_18:3)		unmapped
40	PE(P-18:1_16:1)		unmapped
40	LPC(O-22:2)		unmapped
40	1-Methylxanthine	C16358	exact_unique
40	3-Phenoxybenzoic acid		unmapped
40	All-Trans-13,14-Dihydroretinol	C15492	exact_unique
40	PG(16:0_19:0)		unmapped
40	SPH(d17:1)		unmapped
40	PC(16:0_19:0)		unmapped
40	SM(d18:1/16:0)		unmapped
40	TG(16:0_18:2_22:6)		unmapped
40	TG(18:2_22:5_22:6)		unmapped
40	Carnitine C15:2		unmapped
40	Deoxycholic acid	C04483	exact_unique
40	Cer(d29:2/28:0(2OH))		unmapped
40	Trp-Gly		unmapped
40	PG(16:1_20:5)		unmapped
40	Cer(d18:2/24:0)		unmapped
40	SM(d20:0/24:1)		unmapped
40	PG(18:0_24:2)		unmapped
40	PS(21:0_18:1)		unmapped
40	TG(18:0_18:0_22:6)		unmapped
40	γ-Glu-Met		unmapped
40	LNAPE(20:4/N-18:2)		unmapped
40	TG(16:1_16:1_24:6)		unmapped
40	TG(16:1_20:4_20:5)		unmapped
40	Hex2Cer(d18:2/16:0)		unmapped
40	PC(O-18:1_24:1)		unmapped
40	TG(18:2_18:3_20:5)		unmapped
40	Hydroxypiperazic acid		unmapped
40	TG(16:1_16:1_22:6)		unmapped
40	TG(18:0_18:1_20:4)		unmapped
40	LPC(22:4/0:0)		unmapped
40	(4Z,7Z,10Z,13Z,16Z,19Z)-Eicosahexaenoate		unmapped
40	1-Methylguanosine		unmapped
40	2-Methylguanosine		unmapped
40	7-Methylguanosine		unmapped
40	LPC(0:0/14:1)		unmapped
40	N-acetyl-D-phenylalanine	C05620	exact_unique
40	PS(20:0_21:0)		unmapped
40	TG(15:1_18:1_18:3)		unmapped
40	Uracil	C00106	exact_unique
40	PC(18:1_19:2)		unmapped
40	Cer(t17:1/16:0)		unmapped
40	Cer(d22:1/23:1(2OH))		unmapped
40	Cer(d18:2/16:0)		unmapped
40	PS(21:0_20:3)		unmapped
40	TG(18:2_18:2_22:6)		unmapped
40	TG(15:0_16:0_16:0)		unmapped
40	4-Acetylaminobenzoic acid		unmapped
40	CE(24:5)		unmapped
40	PG(22:6_22:6)		unmapped
40	TG(18:0_20:2_18:3)		unmapped
40	D-Erythronolactone		unmapped
40	Indole-3-carboxylic acid	C19837	exact_unique
40	Pantothenate	C00864	exact_unique
40	3-Indolepropionic Acid		unmapped
40	PC(18:1_20:4)		unmapped
40	TG(14:0_20:2_22:6)		unmapped
40	TG(18:0_18:2_22:4)		unmapped
40	Cer(t16:1/25:0)		unmapped
40	PI(16:0_22:6)		unmapped
40	PE(18:2_20:3)		unmapped
40	PS(21:0_20:2)		unmapped
40	4-Hydroxy-2-Oxoglutaric Acid	C01127	exact_unique
40	TG(18:0_18:1_22:6)		unmapped
40	PE(20:3_18:0)		unmapped
40	LPC(0:0/18:0)		unmapped
40	PE(P-17:0_18:1)		unmapped
40	SM(d18:1/17:1)		unmapped
40	Gly-Glu		unmapped
40	Glu-Gly		unmapped
40	Carnitine C9:1-OH		unmapped
40	Nicotinamide	C00153	exact_unique
40	CerP(d18:1/16:1)		unmapped
40	Cer(d18:1/24:0(2OH))		unmapped
40	PE(16:0_20:5)		unmapped
40	PE(P-18:0_22:4)		unmapped
40	TG(14:1_16:1_18:1)		unmapped
40	TG(16:0_22:6_22:6)		unmapped
40	PE(O-16:2_20:4)		unmapped
40	Cer(d18:1/40:0(2OH))		unmapped
40	Gemfibrozil	C07020	exact_unique
40	LPC(O-18:0)		unmapped
40	PS(18:2_22:5)		unmapped
40	(E)-Guggulsterone		unmapped
40	LPC(22:3)		unmapped
40	PS(18:0_21:0)		unmapped
40	3-Hydroxy-3-Methyl Butyric Acid		unmapped
40	8,8a-deoxy-oleane		unmapped
40	PE(17:0_20:3)		unmapped
40	Cer(d18:2/23:0)		unmapped
40	SM(d18:1/20:1)		unmapped
40	TG(16:0_18:1_22:5)		unmapped
40	TG(15:1_18:1_18:2)		unmapped
40	PA(24:0_20:2)		unmapped
40	PE(20:2_18:3)		unmapped
40	TG(18:3_20:4_20:4)		unmapped
40	PC(36:3)		unmapped
40	TG(16:0_18:1_22:6)		unmapped
40	N-Tetradecanoyl-L-homoserine lactone		unmapped
40	PI(20:4_18:1)		unmapped
40	CerP(d18:1/24:0)		unmapped
40	Hex2Cer(d18:1/20:0)		unmapped
40	PE(P-16:0_16:1)		unmapped
40	SM(d18:0/17:0)		unmapped
40	3-Methyl-2-Oxobutanoic Acid	C00141	exact_unique
40	Trans-Cinnamaldehyde		unmapped
40	PI(18:1_20:4)		unmapped
40	3,5-Dimethoxybenzoic acid		unmapped
40	P-chlorophenylalanine		unmapped
40	PE(O-16:0_22:5)		unmapped
40	TG(20:1_18:2_22:6)		unmapped
40	Murideoxycholic acid	C15515	exact_unique
40	TG(18:2_20:4_20:4)		unmapped
40	PE(P-16:0_20:3)		unmapped
40	PS(14:0_21:0)		unmapped
40	CE(22:6)		unmapped
40	TG(18:1_18:2_22:6)		unmapped
40	PE(22:6_18:1)		unmapped
40	PE(O-24:1_18:2)		unmapped
40	TG(18:2_20:5_22:6)		unmapped
40	Phe-Phe		unmapped
40	PE(15:0_18:1)		unmapped
40	Cer(d17:1/22:0)		unmapped
40	4-Hydroxytryptamine	C21762	exact_unique
40	PG(14:0_18:2)		unmapped
40	PE(O-17:1_22:5)		unmapped
40	Cer(d16:1/18:0)		unmapped
40	PE(O-22:1_18:2)		unmapped
40	Barbituric acid	C00813	exact_unique
40	Progesterone	C00410	exact_unique
40	PG(18:2_18:1)		unmapped
40	Argininosuccinic acid		unmapped
40	Taurolithocholic acid	C02592	exact_unique
40	Hex2Cer(d18:1/22:0)		unmapped
40	TG(10:0_16:0_18:2)		unmapped
40	HexCer(d19:1/24:0)		unmapped
40	TG(14:1_16:0_16:1)		unmapped
40	PI(16:0_18:3)		unmapped
40	S1P(d16:1)		unmapped
40	TG(12:0_16:0_22:6)		unmapped
40	1-Methylhistidine	C01152	exact_unique
40	PE(P-22:1_18:2)		unmapped
40	PE(P-20:0_22:5)		unmapped
40	PG(18:1_18:3)		unmapped
40	Carnitine C6:0		unmapped
40	TG(15:0_16:0_18:0)		unmapped
40	TG(16:1_18:2_22:6)		unmapped
40	TG(15:1_17:1_17:1)		unmapped
40	SHexCer(d18:1/24:1)		unmapped
40	Thr-Gln		unmapped
40	TG(16:1_17:1_22:6)		unmapped
40	Cer(d18:1/22:0)		unmapped
40	PI(19:0_17:2)		unmapped
40	L-Homoarginine	C01924	exact_unique
40	PC(18:1_18:1)		unmapped
40	PS(17:0_18:0)		unmapped
40	TG(16:0_17:1_22:6)		unmapped
40	PC(15:0_17:1)		unmapped
40	PC(17:0_15:1)		unmapped
40	PA(20:2_20:4)		unmapped
40	LPC(O-18:2)		unmapped
40	TG(12:0_16:0_18:2)		unmapped
40	PS(21:0_16:1)		unmapped
40	DL-2-hydroxystearic acid		unmapped
40	FFA(14:1)		unmapped
40	2-Thio-PAF		unmapped
40	D-Ornithine	C00515	exact_unique
40	Cer(d16:1/20:0)		unmapped
40	PG(21:1_20:4)		unmapped
40	PC(24:0_16:1)		unmapped
40	Phe-Asp		unmapped
40	Carnitine C6-OH		unmapped
40	TG(15:0_18:1_22:6)		unmapped
40	PC(18:0_18:1)		unmapped
40	PE(17:0_20:4)		unmapped
40	21-Deoxycortisol	C05497	exact_unique
40	PS(16:0_17:2)		unmapped
40	LPC(16:0/0:0)		unmapped
40	TG(14:0_17:2_18:2)		unmapped
40	LNAPE(16:0/N-16:0)		unmapped
40	PE(O-17:1_20:5)		unmapped
40	Cer(t20:2/40:2(2OH))		unmapped
40	PC(20:0_22:6)		unmapped
40	PE(P-24:1_18:2)		unmapped
40	PG(22:0_18:1)		unmapped
40	PG(18:2_21:2)		unmapped
40	PC(18:0_20:3)		unmapped
40	TG(24:0_18:1_20:1)		unmapped
40	TG(16:1_18:1_20:5)		unmapped
40	3-(3-Hydroxyphenyl)-3-hydroxypropanoic acid		unmapped
40	MG(20:4/0:0/0:0)		unmapped
40	Cyclic Amp	C00575	exact_unique
40	Phenylacetyl-L-Glutamine		unmapped
40	PE(18:1_18:2)		unmapped
40	DG(18:2_20:4)		unmapped
40	PC(O-16:1_22:6)		unmapped
40	n-Oleoylethanolamine		unmapped
40	PC(18:1_22:6)		unmapped
40	TG(18:0_18:1_22:5)		unmapped
40	LPC(26:0/0:0)		unmapped
40	LPC(O-22:1)		unmapped
40	PG(20:0_20:4)		unmapped
40	TG(17:0_18:2_20:5)		unmapped
40	PE(O-20:0_18:2)		unmapped
40	LPA(18:0/0:0)		unmapped
40	Acetylvaline		unmapped
40	PS(19:1_18:2)		unmapped
40	3-Methylxanthine	C16357	exact_unique
40	LPC(O-20:0)		unmapped
40	TG(12:0_18:1_18:3)		unmapped
40	Cer(t18:0/22:0)		unmapped
40	cyclo(glu-glu)		unmapped
40	PS(15:0_22:6)		unmapped
40	PE(17:0_22:5)		unmapped
40	4-Pyridoxic Acid	C00847	exact_unique
40	Carnitine C12:1-OH		unmapped
40	SM(d18:1/21:1)		unmapped
40	N(Alpha)-Acetyl-Epsilon-(2-Propenal)Lysine		unmapped
40	N-Phenylanthranilic acid		unmapped
40	PE(O-20:0_18:1)		unmapped
40	PS(18:2_20:3)		unmapped
40	PC(16:0_20:3)		unmapped
40	PS(17:0_21:0)		unmapped
40	LPC(O-20:2)		unmapped
40	PC(24:0_18:1)		unmapped
40	Cer(d18:1/21:0(2OH))		unmapped
40	Glu-Ser		unmapped
40	8-isoprostaglandin F1α		unmapped
40	PS(18:1_22:2)		unmapped
40	Cer(d18:2/22:0(2OH))		unmapped
40	8-Aminooctanoic Acid		unmapped
40	PC(O-16:0_16:0)		unmapped
40	SM(d18:1/19:0)		unmapped
40	TG(17:1_18:2_22:6)		unmapped
40	Cer(t17:2/23:0)		unmapped
40	Quinoline-4-carboxylic acid	C06414	exact_unique
40	Pyrrole-2-Carboxylic Acid		unmapped
40	DG(14:0_18:2)		unmapped
40	Cer(t17:2/16:1)		unmapped
40	3beta-Hydroxy-5-cholestenoate	C17333	exact_unique
40	L-Saccharopine	C00449	exact_unique
40	TG(12:0_16:0_18:3)		unmapped
40	PE(16:0_22:5)		unmapped
40	TG(16:0_20:4_22:5)		unmapped
40	Cytidine 5'-diphosphate	C00112	exact_unique
40	CerP(d18:1/18:2)		unmapped
40	Cer(d17:1/23:1)		unmapped
40	TG(14:0_20:4_22:6)		unmapped
40	(Z)-13-Eicoseneamide		unmapped
40	1-Methylinosine		unmapped
40	Carnitine C14:3		unmapped
40	Ile-Ser		unmapped
40	PC(16:0_17:1)		unmapped
40	Cer(d17:1/24:0)		unmapped
40	4-Hydroxyquinoline	C06343	exact_unique
40	Arainosine		unmapped
40	PC(17:1_18:2)		unmapped
40	Ile-Lys		unmapped
40	LPC(20:5/0:0)		unmapped
40	TG(18:0_18:2_22:6)		unmapped
40	PI(15:0_19:2)		unmapped
40	Phe-His		unmapped
40	Heterodendrin	C08332	exact_unique
40	4-Hydroxy-3-methoxybenzaldehyde	C00755	exact_unique
40	PE(18:0_18:2)		unmapped
40	TG(16:0_17:0_18:0)		unmapped
40	TG(15:0_18:2_18:3)		unmapped
40	Cer(d18:2/21:1(2OH))		unmapped
40	Cer(d19:1/22:0)		unmapped
40	TG(16:1_16:1_20:5)		unmapped
40	Cer(d29:1/28:1(2OH))		unmapped
40	Hex3Cer(d18:1/24:0)		unmapped
40	TG(14:0_18:2_18:2)		unmapped
40	TG(16:0_18:2_20:5)		unmapped
40	Hydromorphone	C07042	exact_unique
40	Carnitine C20:5		unmapped
40	DG(18:1_20:5)		unmapped
40	PA(20:1_22:4)		unmapped
40	Cer(d18:1/16:0)		unmapped
40	PC(16:0_22:6)		unmapped
40	Ensulizole		unmapped
40	Jasmone	C08490	exact_unique
40	LPC(O-14:0)		unmapped
40	PG(18:0_18:2)		unmapped
40	TG(16:0_18:0_22:6)		unmapped
40	PE(P-18:1_22:4)		unmapped
40	PI(18:0_18:2)		unmapped
40	TG(16:0_18:0_20:0)		unmapped
40	TG(14:0_15:0_18:2)		unmapped
40	Piperine	C03882	exact_unique
40	Carnitine C4-OH		unmapped
40	Cer(d21:2/38:2(2OH))		unmapped
40	PI(20:3_18:0)		unmapped
40	PG(21:0_20:4)		unmapped
40	TG(10:0_16:0_18:3)		unmapped
40	Cer(d17:1/16:0)		unmapped
40	Glu-Tyr		unmapped
40	PG(18:2_18:3)		unmapped
40	PG(24:0_18:2)		unmapped
40	PA(18:2_20:2)		unmapped
40	PC(O-16:1_16:1)		unmapped
40	TG(14:0_18:0_20:0)		unmapped
40	TG(13:0_20:2_20:5)		unmapped
40	LPE(0:0/22:4)		unmapped
40	LPE(22:4/0:0)		unmapped
40	Hippuric Acid	C01586	exact_unique
40	FFA(18:1)		unmapped
40	Indole-3-lactic acid		unmapped
40	FFA(10:0)		unmapped
40	PE(O-17:1_18:1)		unmapped
40	Ingenol	C09112	exact_unique
40	TG(13:0_18:1_22:6)		unmapped
40	PE(20:4_18:0)		unmapped
40	PA(22:0_18:1)		unmapped
40	LNAPE(18:1/N-18:2)		unmapped
40	PC(18:0_22:6)		unmapped
40	PC(O-24:1_20:4)		unmapped
40	HexCer(d18:1/20:1)		unmapped
40	PC(20:3_22:1)		unmapped
40	PG(22:0_16:1)		unmapped
40	PS(17:2_22:5)		unmapped
40	DG(18:1_20:4)		unmapped
40	Lys-Tyr		unmapped
40	PC(20:3_18:1)		unmapped
40	PG(18:0_19:0)		unmapped
40	CerP(d18:1/18:0)		unmapped
40	PG(18:0_19:1)		unmapped
40	MG(18:2/0:0/0:0)		unmapped
40	Coenzyme Q10	C11378	exact_unique
40	DG(21:0_16:0)		unmapped
40	PC(O-18:0_22:6)		unmapped
40	Glu-Phe		unmapped
40	Phe-Glu		unmapped
40	Carnitine C15		unmapped
40	PMeOH(16:0_18:2)		unmapped
40	DG(14:0_18:0)		unmapped
40	L-Citrulline	C00327	exact_unique
40	TG(12:0_16:1_18:2)		unmapped
40	PS(15:0_21:0)		unmapped
40	PS(22:2_20:4)		unmapped
40	γ-Glu-Cys		unmapped
40	TG(12:0_16:0_18:1)		unmapped
40	PC(O-18:0_20:3)		unmapped
40	TG(17:1_18:2_18:3)		unmapped
40	5-Methyluridine		unmapped
40	SM(d18:0/16:0)		unmapped
40	Carnitine C12:3		unmapped
40	PG(14:0_16:1)		unmapped
40	SM(d18:1/17:0)		unmapped
40	D-Trehalose		unmapped
40	Maltose	C00208	exact_unique
40	Lactulose	C07064	exact_unique
40	Lactose	C00243	exact_unique
40	Acrylamide	C01659	exact_unique
40	4-Hydroxybenzoic Acid	C00156	exact_unique
40	ST-638		unmapped
40	Carnitine C16:3		unmapped
40	Phe-Ser		unmapped
40	PS(15:1_22:5)		unmapped
40	TG(17:0_18:2_22:6)		unmapped
40	TG(16:1_18:1_22:6)		unmapped
40	Cer(d28:2/29:0(2OH))		unmapped
40	4-Hydroxy-3-methylbenzoic acid		unmapped
40	PE(O-16:1_16:1)		unmapped
40	PC(19:0_20:4)		unmapped
40	TG(18:2_18:2_18:3)		unmapped
40	Carnitine C20:1		unmapped
40	TG(10:0_16:0_18:1)		unmapped
40	HexCer(d18:1/18:0)		unmapped
40	PC(O-18:0_18:2)		unmapped
40	Cer(t18:1/38:2(2OH))		unmapped
40	TG(18:1_16:2_20:5)		unmapped
40	Carnitine C16:0		unmapped
40	S1P(d18:2)		unmapped
40	Hex3Cer(d18:1/20:0)		unmapped
40	PC(17:1_20:4)		unmapped
40	Cer(d18:1/23:0(2OH))		unmapped
40	Ala-Phe		unmapped
40	Phosphatidylethanolamine lyso alkenyl 16:0		unmapped
40	PI(18:0_19:2)		unmapped
40	TG(16:0_16:1_22:6)		unmapped
40	DG(18:2_20:2)		unmapped
40	PA(20:2_20:3)		unmapped
40	1-Naphthylamine	C14790	exact_unique
40	TG(16:0_18:2_18:2)		unmapped
40	TG(18:1_20:4_22:6)		unmapped
40	HexCer(t17:2/16:0(2OH))		unmapped
40	PA(19:0_20:4)		unmapped
40	PE(18:0_18:3)		unmapped
40	TG(18:0_18:1_18:2)		unmapped
40	TG(14:0_16:0_22:5)		unmapped
40	Carnitine ph-C1		unmapped
40	gamma-Glu-Phe		unmapped
40	Carnitine C18:1-OH		unmapped
40	PC(18:0_20:2)		unmapped
40	TG(14:0_18:0_18:1)		unmapped
40	Carnitine C14:2-OH		unmapped
40	PE(O-22:0_22:6)		unmapped
40	Norethindrone acetate	C08152	exact_unique
40	TG(15:0_19:2_19:2)		unmapped
40	PS(18:2_18:2)		unmapped
40	TG(18:2_18:3_20:4)		unmapped
40	N-Methylisoleucine		unmapped
40	PC(18:0_22:5)		unmapped
40	PA(18:2_18:2)		unmapped
40	PG(22:0_20:3)		unmapped
40	2-Aminoisobutyric Acid	C03665	exact_unique
40	L-2-Aminobutyric acid		unmapped
40	N,N-Dimethylglycine	C01026	exact_unique
40	aminoisobutyric acid		unmapped
40	CE(20:4)		unmapped
40	PC(O-18:2_20:4)		unmapped
40	PE(18:0_22:5)		unmapped
40	TG(23:0_18:1_18:1)		unmapped
40	TG(16:1_17:1_18:3)		unmapped
40	FFA(20:2)		unmapped
40	L-Histidine	C00135	exact_unique
40	TG(17:0_18:2_20:4)		unmapped
40	PE(O-18:1_22:2)		unmapped
40	TG(16:1_16:1_16:2)		unmapped
40	TG(15:0_16:1_22:6)		unmapped
40	Asp-Phe		unmapped
40	beta-Muricholic acid	C17726	exact_unique
40	Cer(t17:2/22:0)		unmapped
40	TG(22:0_18:1_18:1)		unmapped
40	2-Amino-3-phosphonopropionic acid		unmapped
40	Adenosine	C00212	exact_unique
40	PS(20:0_22:4)		unmapped
40	Hex2Cer(d18:1/18:0)		unmapped
40	TG(18:2_20:3_22:5)		unmapped
40	PC(O-24:0_20:4)		unmapped
40	TG(14:1_18:2_18:2)		unmapped
40	TG(16:0_16:2_18:3)		unmapped
40	Leu-Tyr		unmapped
40	Ile-Tyr		unmapped
40	Cer(d27:1/30:1(2OH))		unmapped
40	D-Arabinose 5-phosphate	C01112	exact_unique
40	D-Xylulose 5-phosphate	C00231	exact_unique
40	Ribose 1-phosphate	C00620	exact_unique
40	Ribulose-5-Phosphate		unmapped
40	PG(17:0_18:0)		unmapped
40	TG(16:0_18:2_20:4)		unmapped
40	TG(18:1_18:2_18:4)		unmapped
40	PE(16:1_22:4)		unmapped
40	TG(16:0_16:2_16:3)		unmapped
40	4-Methoxycinnamic Acid		unmapped
40	TG(17:0_18:1_22:6)		unmapped
40	LPC(24:2)		unmapped
40	2-(Dimethylamino)Guanosine		unmapped
40	PG(22:0_20:4)		unmapped
40	PC(16:0_16:0)		unmapped
40	PC(16:0_18:0)		unmapped
40	TG(16:0_14:1_18:2)		unmapped
40	TG(14:0_16:1_20:5)		unmapped
40	TG(18:2_18:3_18:3)		unmapped
40	PE(18:1_18:3)		unmapped
40	PS(20:3_20:4)		unmapped
40	SM(d18:1/18:0)		unmapped
40	Cer(d17:1/18:0)		unmapped
40	Carnitine C13:1		unmapped
40	LPC(0:0/16:0)		unmapped
40	TG(15:0_16:1_16:1)		unmapped
40	TG(18:1_20:3_22:6)		unmapped
40	PI(18:2_16:0)		unmapped
40	PS(19:0_18:1)		unmapped
40	TG(18:1_20:5_22:5)		unmapped
40	2-Hydroxybutanoic Acid	C05984	exact_unique
40	3-Hydroxybutanoic acid		unmapped
40	Cer(d18:0/24:0)		unmapped
40	TG(13:0_18:1_18:2)		unmapped
40	1,4-Dihydro-1-Methyl-4-Oxo-3-Pyridinecarboxamide		unmapped
40	PC(12:0/12:0)		unmapped
40	15(R)-Prostaglandin E1		unmapped
40	CE(24:4)		unmapped
40	PC(16:0_18:3)		unmapped
40	TG(11:0_18:1_18:2)		unmapped
40	2-Hydroxymyristic acid		unmapped
40	PC(15:0_18:0)		unmapped
40	Cyclo(Ala-Pro)		unmapped
40	L-Thyroxine	C01829	exact_unique
40	PS(19:2_20:4)		unmapped
40	Carnitine C9:DC		unmapped
40	Malonic acid	C00383	exact_unique
40	TG(15:0_18:2_18:2)		unmapped
40	BMP(16:0_16:0)		unmapped
40	Cer(d24:2/33:0(2OH))		unmapped
40	N-Methyl-D-Aspartic Acid	C12269	exact_unique
40	O-Acetyl-L-serine	C00979	exact_unique
40	PC(18:0_20:4)		unmapped
40	TG(16:0_20:2_22:5)		unmapped
40	3-Hydroxyvalproic acid	C16651	exact_unique
40	PE(O-24:2_18:1)		unmapped
40	PE(O-17:1_20:4)		unmapped
40	Cer(d30:1/27:1(2OH))		unmapped
40	LPC(O-20:1)		unmapped
40	CMPF		unmapped
40	LPC(26:1)		unmapped
40	TG(18:0_20:1_20:4)		unmapped
40	PS(18:0_18:0)		unmapped
40	CE(20:3)		unmapped
40	PC(O-16:1_24:2)		unmapped
40	TG(16:0_20:2_22:6)		unmapped
40	Cer(d21:2/36:0(2OH))		unmapped
40	Cer(d23:2/34:0(2OH))		unmapped
40	DG(16:1_22:6)		unmapped
40	FFA(13:0)		unmapped
40	Carnitine C12-OH		unmapped
40	DG(16:0_18:2)		unmapped
40	LPC(O-22:0)		unmapped
40	PC(O-16:1_20:4)		unmapped
40	Guanosine	C00387	exact_unique
40	SM(d18:1/18:1)		unmapped
40	TG(16:0_16:1_20:5)		unmapped
40	D-Sedoheptuiose 7-Phosphate		unmapped
40	PG(16:0_20:0)		unmapped
40	3-Epideoxycholic acid		unmapped
40	PC(18:2_22:1)		unmapped
40	Lumichrome	C01727	exact_unique
40	3-(pyrazol-1-yl)-L-alanine	C01162	exact_unique
40	PC(18:0_24:3)		unmapped
40	N4-Acetylcytidine	C22293	exact_unique
40	Indole-3-acetamide	C02693	exact_unique
40	PC(16:0_18:1)		unmapped
40	Cer(d18:0/22:1(2OH))		unmapped
40	HexCer(d19:1/22:0)		unmapped
40	TG(14:0_18:2_18:3)		unmapped
40	Carnitine C22:5		unmapped
40	N6-(2-Hydroxyethyl)adenosine		unmapped
40	TG(14:0_16:0_18:2)		unmapped
40	N-acetylornithine	C00437	exact_unique
40	Androstenedione	C00280	exact_unique
40	TG(15:0_16:1_18:3)		unmapped
40	TG(14:0_18:3_20:4)		unmapped
40	PI(18:0_22:5)		unmapped
40	Cer(d22:2/35:1(2OH))		unmapped
40	DL-O-tyrosine		unmapped
40	Glu-Val		unmapped
40	TG(16:0_18:5_20:5)		unmapped
40	Carnitine C20:2		unmapped
40	Cer(t20:1/36:2(2OH))		unmapped
40	PC(16:1_18:1)		unmapped
40	LPC(O-24:1)		unmapped
40	Cer(d17:2/40:0(2OH))		unmapped
40	TG(14:0_18:2_18:4)		unmapped
40	PC(15:0_18:1)		unmapped
40	PE(22:6_16:0)		unmapped
40	Glycocholic Acid	C01921	exact_unique
40	DG(18:0_18:2)		unmapped
40	TG(16:2_18:2_18:3)		unmapped
40	Leu-Asp		unmapped
40	TG(12:0_16:2_18:2)		unmapped
40	PG(20:1_18:2)		unmapped
40	PG(16:0_21:0)		unmapped
40	PG(16:0_24:1)		unmapped
40	TG(18:1_18:2_20:4)		unmapped
40	Hex3Cer(d18:1/24:1)		unmapped
40	TG(16:0_18:2_18:4)		unmapped
40	Cer(d18:2/40:2(2OH))		unmapped
40	TG(18:1_18:2_18:2)		unmapped
40	TG(16:1_18:2_18:3)		unmapped
40	FFA(20:4)		unmapped
40	PE(16:1_18:2)		unmapped
40	Carnitine C16:1		unmapped
40	Cer(d25:2/32:0(2OH))		unmapped
40	TG(18:1_20:2_20:4)		unmapped
40	PS(16:0_23:0)		unmapped
40	TG(18:1_22:1_18:2)		unmapped
40	PI(18:0_22:6)		unmapped
40	TG(18:1_18:2_22:2)		unmapped
40	TG(14:0_16:1_20:4)		unmapped
40	PE(16:0_20:4)		unmapped
40	TG(18:1_18:1_22:5)		unmapped
40	3-Methoxybenzoic acid		unmapped
40	PS(15:0_20:3)		unmapped
40	DG(18:2_18:2)		unmapped
40	TG(14:0_14:1_18:1)		unmapped
40	TG(16:1_18:1_18:3)		unmapped
40	L-Fucose	C01019	exact_unique
40	TG(8:0_16:0_18:1)		unmapped
40	L-Lysine	C00047	exact_unique
40	PC(O-18:1_22:6)		unmapped
40	11-Beta-hydroxyandrostenedione		unmapped
40	TG(16:0_26:0_18:1)		unmapped
40	FFA(16:1)		unmapped
40	PG(15:0_18:2)		unmapped
40	TG(16:0_18:2_18:3)		unmapped
40	Gamma-Mercholic Acid		unmapped
40	Cholic acid	C00695	exact_unique
40	Thr-Asp		unmapped
40	HexCer(d18:1/18:1)		unmapped
40	TG(16:0_24:0_18:1)		unmapped
40	Carnitine C22:0		unmapped
40	PS(18:1_20:2)		unmapped
40	TG(18:2_18:2_22:4)		unmapped
40	2-Pyrrolidinone		unmapped
40	Carnitine C18-OH		unmapped
40	PC(O-16:0_16:1)		unmapped
40	LPC(0:0/20:4)		unmapped
40	Carnitine C22:3		unmapped
40	TG(18:1_18:2_18:3)		unmapped
40	TG(16:0_20:1_18:2)		unmapped
40	Lys-Gly		unmapped
40	Cer(d27:2/32:1(2OH))		unmapped
40	PE(18:1_22:5)		unmapped
40	3-(4-hydroxyphenyl)acrylaldehyde		unmapped
40	Quinic acid	C00296	exact_unique
40	TG(18:0_20:1_22:1)		unmapped
40	Glu-Phe-Ala		unmapped
40	Carnitine C9:0		unmapped
40	DG(18:2_18:3)		unmapped
40	TG(14:0_16:1_18:1)		unmapped
40	Traumatic acid	C16308	exact_unique
40	TG(18:0_18:2_20:0)		unmapped
40	Cer(d18:0/23:0)		unmapped
40	Chaps	C11321	exact_unique
40	TG(18:0_18:1_20:3)		unmapped
40	Lys-Ser		unmapped
40	Isochodeoxycholic acid		unmapped
40	TG(17:0_18:1_18:2)		unmapped
40	Cer(d18:1/22:2)		unmapped
40	Cer(d26:2/31:0(2OH))		unmapped
40	PA(22:0_22:6)		unmapped
40	(Rs)-Mevalonic Acid		unmapped
40	Piperidine	C01746	exact_unique
40	S1P(d18:1)		unmapped
40	Carnitine C11:DC		unmapped
40	Cer(d16:1/24:1)		unmapped
40	TG(17:1_18:2_18:2)		unmapped
40	TG(14:1_18:2_20:4)		unmapped
40	LPC(0:0/20:3)		unmapped
40	PI(19:0_20:4)		unmapped
40	FFA(12:0)		unmapped
40	DG(16:0_20:4)		unmapped
40	Cer(d28:1/29:1(2OH))		unmapped
40	MG(0:0/22:6/0:0)		unmapped
40	MG(22:6/0:0/0:0)		unmapped
40	Cer(d27:2/30:0(2OH))		unmapped
40	TG(10:0_18:1_18:2)		unmapped
40	TG(18:2_18:3_18:4)		unmapped
40	PE(O-18:0_20:1)		unmapped
40	TG(18:2_20:2_22:6)		unmapped
40	PA(18:1_16:3)		unmapped
40	Β-Pseudouridine		unmapped
40	Carnitine C17:1		unmapped
40	SM(d18:2/20:1)		unmapped
40	Cer(d18:1/25:1)		unmapped
40	CE(18:4)		unmapped
40	LPC(0:0/22:2)		unmapped
40	Carnitine C24:0		unmapped
40	TG(18:1_20:2_18:3)		unmapped
40	LPA(18:1/0:0)		unmapped
40	PG(20:1_18:1)		unmapped
40	Cer(t18:2/38:2(2OH))		unmapped
40	Cer(d18:2/25:1)		unmapped
40	TG(14:0_18:0_20:2)		unmapped
40	TG(16:0_18:1_24:1)		unmapped
40	5-Hydroxy-2'-deoxyuridine		unmapped
40	Hex3Cer(d18:1/18:0)		unmapped
40	N-Acetylthreonine		unmapped
40	PE(P-24:1_18:1)		unmapped
40	5-Acetylamino-6-formylamino-3-methyluracil	C16365	exact_unique
40	TG(18:0_20:1_22:0)		unmapped
40	TG(15:0_16:1_18:2)		unmapped
40	TG(16:0_16:1_18:4)		unmapped
40	3,4,5-Trimethoxybenzoic Acid		unmapped
40	DG(14:0_16:0)		unmapped
40	PC(18:1_22:0)		unmapped
40	PC(20:2_22:6)		unmapped
40	Cer(t17:2/35:1)		unmapped
40	Phosphonoacetic acid	C05682	exact_unique
40	TG(14:1_18:2_18:3)		unmapped
40	Carnitine C17:0		unmapped
40	Cer(d29:1/30:2(2OH))		unmapped
40	PI(17:0_18:2)		unmapped
40	D-Saccharic Acid 1,4-lactone (hydrate)		unmapped
40	LPC(24:0/0:0)		unmapped
40	TG(16:0_20:1_22:0)		unmapped
40	TG(20:1_18:2_18:0)		unmapped
40	Cer(d20:2/24:0)		unmapped
40	PE(P-16:0_22:4)		unmapped
40	TG(18:1_18:2_20:0)		unmapped
40	Coenzyme-II (β-NADP)		unmapped
40	PE(O-20:1_18:1)		unmapped
40	PA(18:0_22:4)		unmapped
40	PG(16:1_20:3)		unmapped
40	L-Valine	C00183	exact_unique
40	L-Norvaline	C01826	exact_unique
40	Cer(d18:1/26:2)		unmapped
40	TG(17:0_18:3_18:3)		unmapped
40	2-Furoic acid	C01546	exact_unique
40	LPC(18:3/0:0)		unmapped
40	Citric Acid	C00158	exact_unique
40	Isocitric acid	C00311	exact_unique
40	Cer(d18:0/22:0)		unmapped
40	TG(14:0_16:1_18:2)		unmapped
40	TG(20:1_18:3_18:3)		unmapped
40	TG(16:0_16:0_22:6)		unmapped
40	Cer(t18:1/15:1)		unmapped
40	Cer(t24:1/32:2(2OH))		unmapped
40	2'-O-methylcytidine		unmapped
40	FFA(22:4)		unmapped
40	Cer(d21:1/36:1(2OH))		unmapped
40	3,6,9,12,15,18,21-Heptaoxatricosane-21,23-diol		unmapped
40	CerP(d18:1/16:0)		unmapped
40	TG(18:0_18:1_22:4)		unmapped
40	SM(d18:2/24:1)		unmapped
40	N-Acetyl-L-phenylalanine	C03519	exact_unique
40	TG(12:0_12:0_18:0)		unmapped
40	1-Methyluric Acid	C16359	exact_unique
40	7-Methyluric Acid	C16355	exact_unique
40	MG(0:0/20:4/0:0)		unmapped
40	N1-Acetylspermine	C02567	exact_unique
40	DG(18:1_20:3)		unmapped
40	Cer(d18:2/21:0)		unmapped
40	Carnitine C18:0		unmapped
40	TG(14:0_17:1_18:2)		unmapped
40	N6-Acetyl-L-Lysine	C02727	exact_unique
40	PE(15:0_22:4)		unmapped
40	TG(16:0_22:1_18:2)		unmapped
40	TG(24:1_18:2_18:2)		unmapped
40	4-Hydroxyhippurate		unmapped
40	6-hydroxy-3-succinylpyridine		unmapped
40	SE(28:1_20:4)		unmapped
40	PI(16:0_20:3)		unmapped
40	Cer(d17:1/20:0)		unmapped
40	1-Aminocyclohexanecarboxylic acid		unmapped
40	Carnitine C18:1		unmapped
40	DG(16:0_20:3)		unmapped
40	TG(16:0_16:1_16:1)		unmapped
40	(24S)-24,25-dihydroxyvitamin D3		unmapped
40	PE(P-17:0_20:4)		unmapped
40	TG(18:1_17:2_18:2)		unmapped
40	TG(16:1_18:3_20:4)		unmapped
40	PE(O-20:1_22:4)		unmapped
40	L-Glutamine	C00064	exact_unique
40	PG(18:0_20:1)		unmapped
40	LPC(22:2/0:0)		unmapped
40	Cer(t24:1/34:2(2OH))		unmapped
40	Salicylaldehyde	C06202	exact_unique
40	Mesoxalate		unmapped
40	2-Hydroxyisocaproic Acid		unmapped
40	2-Hydroxyhexanoic acid		unmapped
40	5-Hydroxyhexanoic Acid		unmapped
40	(S)-Leucic acid		unmapped
40	PC(O-20:0_22:4)		unmapped
40	TG(19:1_18:2_18:2)		unmapped
40	TG(16:0_15:1_18:2)		unmapped
40	Cer(d17:1/40:1(2OH))		unmapped
40	S-Ribosyl-L-homocysteine	C03539	exact_unique
40	Cytochalasin H		unmapped
40	Vanillic Acid	C06672	exact_unique
40	Indoleacetaldehyde	C00637	exact_unique
40	Carnitine C22:4		unmapped
40	TG(16:1_18:1_16:3)		unmapped
40	TG(16:0_20:3_24:5)		unmapped
40	TG(18:0_18:2_20:3)		unmapped
40	HexCer(d18:2/20:0)		unmapped
40	3-Chloroaniline		unmapped
40	PI(16:0_20:4)		unmapped
40	LNAPE(16:0/N-18:1)		unmapped
40	TG(15:0_18:1_18:2)		unmapped
40	DG(18:2_20:3)		unmapped
40	PC(O-20:1_20:4)		unmapped
40	Cer(t22:1/34:2(2OH))		unmapped
40	TG(16:0_19:1_20:2)		unmapped
40	PE(O-16:0_22:4)		unmapped
40	PC(16:0_22:5)		unmapped
40	TG(18:1_18:2_24:5)		unmapped
40	Cyclo(Ser-Pro)		unmapped
40	TG(10:0_18:1_18:3)		unmapped
40	L-Tryptophan	C00078	exact_unique
40	TG(15:0_18:2_22:5)		unmapped
40	Cer(d18:1/20:0(2OH))		unmapped
40	2-hydroxyphenylacetic acid	C05852	exact_unique
40	(3-Methoxy-4-hydroxyphenyl)ethylene glycol sulfate		unmapped
40	8-iso Prostaglandin E1		unmapped
40	PE(18:2_16:0)		unmapped
40	LPC(17:0/0:0)		unmapped
40	2-Methyl-5-nitroimidazole-1-ethanol		unmapped
40	Carnitine C22:6		unmapped
40	PC(15:0_16:0)		unmapped
40	TG(10:0_16:0_16:1)		unmapped
40	TG(14:0_16:0_18:1)		unmapped
40	TG(16:1_16:1_18:1)		unmapped
40	Orotic Acid	C00295	exact_unique
40	MG(18:2)		unmapped
40	TG(16:0_18:1_18:2)		unmapped
40	8-Azaguanine		unmapped
40	Oxypurinol	C07599	exact_unique
40	Carnitine C8-OH		unmapped
40	Cer(d18:0/24:1)		unmapped
40	LPE(20:4/0:0)		unmapped
40	TG(18:1_18:1_24:1)		unmapped
40	TG(18:1_20:3_22:4)		unmapped
40	(R)-2-Hydroxybutyric acid		unmapped
40	2-Methyllactic acid		unmapped
40	N-Acetyl-L-Tyrosine		unmapped
40	PI(18:0_20:4)		unmapped
40	Cinnamic Acid	C10438	exact_unique
40	Carnitine C6:1		unmapped
40	PC(20:1_22:6)		unmapped
40	TG(15:0_16:0_18:2)		unmapped
40	TG(18:1_18:1_22:1)		unmapped
40	3,4,5-Trimethoxycinnamic Acid		unmapped
40	Propylparaben		unmapped
40	PC(O-18:1_20:4)		unmapped
40	Nα-Acetyl-L-Arginine		unmapped
40	4-Hydroxybenzaldehyde	C00633	exact_unique
40	6-Aminocaproic Acid	C02378	exact_unique
40	DL-Leucine		unmapped
40	L-Norleucine	C01933	exact_unique
40	PE(16:0_18:1)		unmapped
40	SM(d18:2/22:1)		unmapped
40	PG(16:0_22:0)		unmapped
40	TG(12:0_14:0_18:0)		unmapped
40	TG(20:0_18:3_18:3)		unmapped
40	PE(P-22:1_20:4)		unmapped
40	Uridine-5'-diphospho-N-acetylgalactosamine disodium salt		unmapped
40	TG(18:0_18:2_20:4)		unmapped
40	2,4-Dihydroxyacetophenone 5-sulfate		unmapped
40	Carnitine C8:1		unmapped
40	PS(23:0_18:1)		unmapped
40	TG(16:0_16:1_18:2)		unmapped
40	Cer(t20:1/38:2(2OH))		unmapped
40	Cer(d18:2/18:0)		unmapped
40	Cer(d18:2/26:1)		unmapped
40	Orotidine		unmapped
40	PI(17:0_20.4)		unmapped
40	TG(15:0_16:0_24:1)		unmapped
40	TG(16:1_18:1_22:1)		unmapped
40	TG(18:2_20:3_20:4)		unmapped
40	TG(18:1_20:2_22:4)		unmapped
40	Cer(d18:2/26:2)		unmapped
40	TG(14:0_16:0_20:4)		unmapped
40	TG(17:1_18:1_18:2)		unmapped
40	TG(18:1_18:2_19:2)		unmapped
40	Tryptamine	C00398	exact_unique
40	LPI(20:2)		unmapped
40	TG(19:0_18:2_18:2)		unmapped
40	PI(18:1_18:1)		unmapped
40	PS(16:0_21:0)		unmapped
40	TG(18:1_18:2_22:5)		unmapped
40	CerP(d18:1/18:1)		unmapped
40	PI(13:0_18:1)		unmapped
40	MG(18:1)		unmapped
40	TG(17:1_18:1_20:1)		unmapped
40	LPC(O-24:0)		unmapped
40	Cer(t18:1/36:2(2OH))		unmapped
40	PG(16:0_16:0)		unmapped
40	TG(18:2_18:2_20:2)		unmapped
40	LPC(0:0/22:5)		unmapped
40	PA(18:1_20:2)		unmapped
40	LPC(15:0/0:0)		unmapped
40	N-Acetylglycine		unmapped
40	Carnitine C14:0		unmapped
40	TG(16:1_16:2_18:2)		unmapped
40	γ-Aminobutyric Acid		unmapped
40	Cer(t17:1/26:0)		unmapped
40	N-Palmitoylglycine		unmapped
40	Val-Val		unmapped
40	LPA(0:0/18:2)		unmapped
40	TG(14:0_18:0_18:2)		unmapped
40	PE(P-20:0_18:1)		unmapped
40	7alpha,26-Dihydroxy-4-cholesten-3-one	C17336	exact_unique
40	D-Mannose	C00159	exact_unique
40	D-Fructose	C00095;C05003;C10906	ambiguous
40	Myoinositol		unmapped
40	PS(23:0_20:4)		unmapped
40	Cer(d18:1/15:1(2OH))		unmapped
40	Pro-Ser		unmapped
40	TG(18:1_18:2_20:2)		unmapped
40	HexCer(t15:0/16:2(2OH))		unmapped
40	Cer(t17:2/24:1)		unmapped
40	1,2-epoxy-3-(p-nitrophenoxy) propane		unmapped
40	PI(16:0_22:4)		unmapped
40	PS(21:0_20:1)		unmapped
40	LPC(0:0/22:1)		unmapped
40	LPC(24:1/0:0)		unmapped
40	PS(15:0_20:4)		unmapped
40	Methionine Sulfoxide		unmapped
40	2,22-Dideoxy-3-dehydroecdysone	C16498	exact_unique
40	TG(18:0_18:1_19:1)		unmapped
40	PE(18:1_20:3)		unmapped
40	TG(18:1_17:2_19:2)		unmapped
40	1-Deoxyvaleric acid		unmapped
40	TG(16:0_17:2_20:4)		unmapped
40	Bromodeoxyuridine (BrdU)		unmapped
40	Palmitoylethanolamide	C16512	exact_unique
40	TG(16:0_18:1_22:1)		unmapped
40	TG(18:1_19:1_18:3)		unmapped
40	1-Methylguanine		unmapped
40	6-O-methylguanine		unmapped
40	Hypoxanthine	C00262	exact_unique
40	Bis(1-inositol)-3,1'-phosphate 1-phosphate		unmapped
40	PI(18:0_20:3)		unmapped
40	2-(2-Isopropyl-5-methylphenoxy)acetic acid		unmapped
40	Carnitine C10:1		unmapped
40	TG(16:0_18:1_22:0)		unmapped
40	TG(16:1_16:1_24:5)		unmapped
40	Glycodeoxycholic acid	C05464	exact_unique
40	DG(17:1_18:2)		unmapped
40	DG(18:2_20:1)		unmapped
40	SHexCer(d18:1/24:0)		unmapped
40	Cer(d18:1/19:1(2OH))		unmapped
40	TG(12:0_16:0_22:5)		unmapped
40	HexCer(d18:1/17:0)		unmapped
40	TG(14:0_16:1_18:3)		unmapped
40	Gly-Phe		unmapped
40	TG(16:1_18:2_18:2)		unmapped
40	Cer(d20:1/24:1)		unmapped
40	2-O-α-D-glucopyranosyl-L-ascorbic acid		unmapped
40	Butenoyl-PAF		unmapped
40	2-Hydroxyadipic acid	C02360	exact_unique
40	Pyrrolidine		unmapped
40	PG(16:3_22:4)		unmapped
40	DG(18:1_18:2)		unmapped
40	TG(15:0_16:0_18:1)		unmapped
40	TG(15:0_18:1_20:5)		unmapped
40	LPC(0:0/19:0)		unmapped
40	L-Ascorbate	C00072	exact_unique
40	TG(17:1_18:1_20:4)		unmapped
40	HexCer(d19:1/24:1)		unmapped
40	2-Phenylpropionic acid		unmapped
40	PC(16:0_16:1)		unmapped
40	TG(14:0_18:1_20:2)		unmapped
40	L-tyrosine methyl ester 4-sulfate	C04201	exact_unique
40	TXB2	C05963	exact_unique
40	TG(16:0_19:2_20:4)		unmapped
40	L-Ornithine	C00077	exact_unique
40	PE(12:0_14:0)		unmapped
40	TG(16:0_20:0_22:6)		unmapped
40	N-Propionylglycine		unmapped
40	PI(14:1_24:2)		unmapped
40	PS(16:1_17:1)		unmapped
40	Carnitine ph-C14		unmapped
40	TG(17:0_18:1_18:1)		unmapped
40	TG(18:0_16:2_20:2)		unmapped
40	Indole-4-carboxaldehyde		unmapped
40	Indole-3-Carboxaldehyde	C08493	exact_unique
40	Cer(d18:2/20:0)		unmapped
40	TG(18:0_18:1_20:1)		unmapped
40	TG(18:1_18:2_22:0)		unmapped
40	Isokaurenoic acid		unmapped
40	Lys-Val		unmapped
40	LPE(P-22:0)		unmapped
40	PC(12:0_16:0)		unmapped
40	Leu-Phe		unmapped
40	TG(16:0_18:0_18:2)		unmapped
40	TG(16:0_16:1_18:3)		unmapped
40	TG(20:1_18:2_18:3)		unmapped
40	2-Amino-2-methyl-1,3-propanediol		unmapped
40	L-kynurenine	C00328	exact_unique
40	Leu-Leu		unmapped
40	Ile-Leu		unmapped
40	CE(22:5)		unmapped
40	N-Cinnamylglycine		unmapped
40	LPS(18:0/0:0)		unmapped
40	TG(18:1_18:1_18:2)		unmapped
40	TG(17:0_18:2_18:3)		unmapped
40	TG(16:0_17:1_18:2)		unmapped
40	TG(20:0_18:2_18:2)		unmapped
40	1-acetylindole		unmapped
40	N'-Methyl-2-pyridone-5-carboxamide	C05842	exact_unique
40	D-Turanose	C19636	exact_unique
40	alpha-D-Glucopyranoside,-beta-D-fructofuranosyl		unmapped
40	Melibiose	C05402	exact_unique
40	TG(18:1_18:2_22:3)		unmapped
40	His-Ser		unmapped
40	Carnitine C14:1		unmapped
40	PC(16:0_22:1)		unmapped
40	PC(O-18:1_16:0)		unmapped
40	TG(15:0_18:1_22:1)		unmapped
40	Cer(d18:1/23:1)		unmapped
40	DG(16:0_16:1)		unmapped
40	Cer(t18:0/22:2(2OH))		unmapped
40	PS(16:0_16:0)		unmapped
40	Taurochenodeoxycholic acid	C05465	exact_unique
40	FFA(28:2)		unmapped
40	DG(14:0_18:1)		unmapped
40	PC(17:0_20:3)		unmapped
40	PC(O-18:1_20:1)		unmapped
40	TG(16:0_20:0_18:1)		unmapped
40	TG(17:1_18:1_20:2)		unmapped
40	Urea	C00086	exact_unique
40	Carnitine C16:1-2OH		unmapped
40	L-Cystine	C00491	exact_unique
40	SHexCer(d18:1/24:0(OH))		unmapped
40	p-Cresol glucuronide		unmapped
40	PC(22:4_16:0)		unmapped
40	FFA(26:2)		unmapped
40	Carnitine C4:DC		unmapped
40	PS(18:1_19:2)		unmapped
40	PE(17:0_18:2)		unmapped
40	PC(15:0_20:4)		unmapped
40	PC(18:0_22:4)		unmapped
40	PC(O-1:0/O-16:0)		unmapped
40	DG(14:1_22:2)		unmapped
40	N-Acetyl-L-methionine	C02712	exact_unique
40	TG(18:2_18:2_20:1)		unmapped
40	Glu-Leu		unmapped
40	SM(d18:0/20:0)		unmapped
40	TG(16:1_16:1_18:3)		unmapped
40	TG(18:1_18:1_22:4)		unmapped
40	TG(15:0_18:0_18:1)		unmapped
40	Carnitine C16:2		unmapped
40	Cer(d18:2/24:2)		unmapped
40	2-Hydroxy-3-Methyl Butanoic Acid		unmapped
40	TG(18:0_18:1_18:1)		unmapped
40	TG(18:1_18:1_19:1)		unmapped
40	Atrazine	C06551	exact_unique
40	HexCer(t14:0/24:1(2OH))		unmapped
40	PE(O-20:5_16:0)		unmapped
40	LPC(17:1/0:0)		unmapped
40	SM(d18:2/25:1)		unmapped
40	N-Alpha-Acetyl-L-Asparagine		unmapped
40	4-Hydroxybenzyl alcohol	C17467	exact_unique
40	LPC(20:4/0:0)		unmapped
40	16-Hydroxyestrone		unmapped
40	Cer(t18:1/36:1(2OH))		unmapped
40	Cer(t17:2/25:0)		unmapped
40	LPC(22:1/0:0)		unmapped
40	Cer(t18:0/20:0(2OH))		unmapped
40	LPI(18:2/0:0)		unmapped
40	Cer(d18:2/24:1)		unmapped
40	LPC(0:0/15:0)		unmapped
40	PC(16:0_20:4)		unmapped
40	PC(20:4_17:0)		unmapped
40	Carnitine C18:3		unmapped
40	Cer(d17:2/42:1(2OH))		unmapped
40	Benzylcinnamate		unmapped
40	PI(16:0_16:1)		unmapped
40	3-Methyladipic acid		unmapped
40	Pimelic acid	C02656	exact_unique
40	PA(18:1_18:2)		unmapped
40	PA(19:1_24:1)		unmapped
40	TG(16:0_17:0_18:1)		unmapped
40	Arg-Asp		unmapped
40	Phe-Pro		unmapped
40	DG(18:1_22:4)		unmapped
40	Beraprost		unmapped
40	TG(15:0_16:1_18:1)		unmapped
40	TG(17:0_17:0_19:1)		unmapped
40	PS(19:0_16:1)		unmapped
40	TG(8:0_18:1_18:2)		unmapped
40	Cer(d24:0/18:0)		unmapped
40	Phe-Ala-Ser		unmapped
40	Ser-Phe-Ala		unmapped
40	PG(17:1_18:1)		unmapped
40	Biotinamide		unmapped
40	PA(16:0_22:5)		unmapped
40	TG(17:0_18:1_20:4)		unmapped
40	LPC(O-16:0)		unmapped
40	TG(18:0_16:1_20:1)		unmapped
40	3-O-Methyldopa		unmapped
40	DG(18:1_20:2)		unmapped
40	TG(18:1_20:1_22:1)		unmapped
40	Calcitriol	C01673	exact_unique
40	DG(19:0_18:0)		unmapped
40	N6,N6,N6-Trimethyl-L-lysine	C03793	exact_unique
40	PS(17:2_22:4)		unmapped
40	PC(O-22:1_20:4)		unmapped
40	TG(16:0_18:1_20:4)		unmapped
40	PS(21:0_20:4)		unmapped
40	PI(18:0_18:0)		unmapped
40	N6-Succinyl Adenosine		unmapped
40	Cer(d18:1/21:0)		unmapped
40	Carnitine C8:0		unmapped
40	PE(O-22:1_20:3)		unmapped
40	Caldine		unmapped
40	1-Aminocyclobutanecarboxylic acid		unmapped
40	L-Proline	C00148	exact_unique
40	Cer(d18:1/24:2)		unmapped
40	Tripropylamine		unmapped
40	8,15-Dihete		unmapped
40	Imidazole-4-methanol	C05562	exact_unique
40	Ser-Pro		unmapped
40	Ursodeoxycholic acid	C07880	exact_unique
40	TG(18:0_18:0_18:1)		unmapped
40	TG(14:1_16:1_18:2)		unmapped
40	EDTA	C00284	exact_unique
40	PA(18:1_18:1)		unmapped
40	Phenyllactate(Pla)		unmapped
40	Hydroxyquinoline		unmapped
40	Tropate	C01456	exact_unique
40	LPC(20:3/0:0)		unmapped
40	Carnitine C20:4		unmapped
40	16-Feruloyloxypalmitate	C18217	exact_unique
40	L-Tyrosine	C00082	exact_unique
40	Cer(t16:1/26:0)		unmapped
40	Cer(d18:1/24:1)		unmapped
40	DG(16:0_18:1)		unmapped
40	N(6),N(6)-Dimethyl-L-lysine		unmapped
40	Ketoleucine		unmapped
40	TG(18:1_18:2_22:4)		unmapped
40	Carnitine C14-OH		unmapped
40	DG(16:1_18:1)		unmapped
40	TG(17:0_18:2_22:5)		unmapped
40	Carnitine C16-OH		unmapped
40	PG(18:0_18:1)		unmapped
40	SM(d18:1/26:1)		unmapped
40	Cer(d18:1/40:2(2OH))		unmapped
40	Cer(t18:2/40:2(2OH))		unmapped
40	Palmitoylethanolamide（PEA）		unmapped
40	2-(4-hydroxyphenyl) propionate		unmapped
40	Uric acid	C00366	exact_unique
40	LPC(0:0/17:0)		unmapped
40	TG(17:0_18:0_18:1)		unmapped
40	4-Methyloctanoic acid		unmapped
40	FFA(9:0)		unmapped
40	TG(18:0_17:1_18:1)		unmapped
40	Glycohyodeoxycholic acid		unmapped
40	TG(17:0_18:1_20:1)		unmapped
40	PI(15:0_21:1)		unmapped
40	2',4'-Dihydroxyacetophenone	C03663	exact_unique
40	Methylparaben		unmapped
40	TG(16:1_17:1_18:2)		unmapped
40	L-3-Phenyllactic acid		unmapped
40	Corticosterone	C02140	exact_unique
40	Carnitine C18:2-OH		unmapped
40	DG(16:0_18:3)		unmapped
40	Cer(t17:2/16:0)		unmapped
40	PA(16:0_20:2)		unmapped
40	TG(16:0_16:0_16:1)		unmapped
40	TG(16:1_18:1_18:1)		unmapped
40	LPC(0:0/20:1)		unmapped
40	PC(O-18:0_16:0)		unmapped
40	TG(16:1_16:1_18:2)		unmapped
40	PG(16:0_24:0)		unmapped
40	Carnitine C18:2		unmapped
40	SM(d18:2/24:2)		unmapped
40	FFA(16:2)		unmapped
40	PS(16:0_19:0)		unmapped
40	Trans-3-Hydroxycotinine		unmapped
40	PC(15:0_16:1)		unmapped
40	PE(16:0_20:3)		unmapped
40	PC(22:6_17:0)		unmapped
40	CE(22:4)		unmapped
40	DG(17:1_18:1)		unmapped
40	Cer(t20:2/38:2(2OH))		unmapped
40	PE(O-22:1_18:1)		unmapped
40	2-Hydroxy-2-Methyl Butyric acid		unmapped
40	PS(17:1_20:4)		unmapped
40	Cer(d23:0/18:0)		unmapped
40	Genistein-4'-glucuronide		unmapped
40	Linoleylethanolamide		unmapped
40	PA(16:0_22:0)		unmapped
40	Carnitine C20:3		unmapped
40	Ellagic acid	C10788	exact_unique
40	HexCer(t20:2/38:2(2OH))		unmapped
40	FFA(18:5)		unmapped
40	LPC(18:2/0:0)		unmapped
40	(R)-(-)-2-Phenylpropionic Acid		unmapped
40	3-Hydroxy-L-phenylalanine	C20807	exact_unique
40	TG(15:0_17:0_19:2)		unmapped
40	2-(Formylamino)Benzoic Acid		unmapped
40	Carnitine C20:0		unmapped
40	Lys-Leu		unmapped
40	TG(16:1_18:1_18:2)		unmapped
40	Cortisol	C00735	exact_unique
40	PG(16:0_20:5)		unmapped
40	PC(17:0_18:1)		unmapped
40	Lys-Ile		unmapped
40	Inosine 5'-monophosphate	C00130	exact_unique
40	2-amino-4-oxovaleric acid		unmapped
40	N-Acetyl-L-alanine		unmapped
40	Abietic acid	C06087	exact_unique
40	TG(16:0_16:1_20:1)		unmapped
40	Carnitine C12:1		unmapped
40	TG(16:0_18:0_18:1)		unmapped
40	PG(16:0_18:1)		unmapped
40	PGE2	C00584	exact_unique
40	SM(d18:1/25:1)		unmapped
40	Carnitine C17:1:DC		unmapped
40	Carnitine C7:0		unmapped
40	PE(16:0_16:0)		unmapped
40	PE(O-22:1_20:4)		unmapped
40	TG(18:0_18:1_20:0)		unmapped
40	LPI(20:4/0:0)		unmapped
40	Carnitine C10:2		unmapped
40	TG(16:0_17:1_18:1)		unmapped
40	TG(16:0_16:1_20:4)		unmapped
40	Cer(d18:1/21:1(2OH))		unmapped
40	7alpha-Hydroxy-3-oxo-4-cholestenoic acid		unmapped
40	Creatine phosphate	C02305	exact_unique
40	PG(16:1_18:2)		unmapped
40	1-arachidonoyl-2-hydroxy-sn-glycero-3-phosphate		unmapped
40	L-Dihydroorotic Acid	C00337	exact_unique
40	PC(24:1_20:4)		unmapped
40	All-trans-Retinal	C00376	exact_unique
40	N-lactoyl-phenylalanine		unmapped
40	Carnitine C15:0		unmapped
40	LPC(16:1/0:0)		unmapped
40	PS(16:0_17:0)		unmapped
40	P-Coumaric Acid	C00811	exact_unique
40	PI(18:0_18:1)		unmapped
40	Leu-Val-Ser		unmapped
40	Carnitine C14:2		unmapped
40	DG(16:1_20:4)		unmapped
40	TG(15:0_18:1_24:1)		unmapped
40	N-acetyl-beta-alanine	C01073	exact_unique
40	Carnitine C10:1-OH		unmapped
40	FAHFA 24:3		unmapped
40	PE(O-24:1_20:4)		unmapped
40	TG(16:0_18:1_18:1)		unmapped
40	(R)-(-)-1-Amino-2-propanol		unmapped
40	DG(18:1_18:1)		unmapped
40	Ser-Val		unmapped
40	PI(18:0_22:4)		unmapped
40	Cer(d17:1/24:1)		unmapped
40	Cer(t22:2/38:2(2OH))		unmapped
40	Urobilin	C05794	exact_unique
40	Pov-pc		unmapped
40	3-Hydroxyhippuric Acid		unmapped
40	LPC(20:2/0:0)		unmapped
40	SM(d18:1/24:1)		unmapped
40	Cer(d22:1/35:0(2OH))		unmapped
40	PS(15:0_16:1)		unmapped
40	HexCer(t17:2/24:2(2OH))		unmapped
40	HexCer(t17:2/34:2(2OH))		unmapped
40	TG(16:0_16:0_20:2)		unmapped
40	PE(18:3_16:0)		unmapped
40	5-Hydroxyisourate	C11821	exact_unique
40	PAF C-18:1		unmapped
40	12-ketolithocholic acid		unmapped
40	7-ketolithocholic acid		unmapped
40	Apocholic acid	C15375	exact_unique
40	TG(16:0_18:1_24:4)		unmapped
40	Hypaphorine	C09213	exact_unique
40	PG(16:1_16:2)		unmapped
40	Cer(d18:1/17:0)		unmapped
40	Gly-Lys		unmapped
40	Salidroside	C06046	exact_unique
40	TG(18:2_18:2_22:1)		unmapped
40	Salicylhydroxamic acid	C11343	exact_unique
40	PE(16:0_22:4)		unmapped
40	DG(14:0_16:1)		unmapped
40	N,N-Dimethylarginine	C03626	exact_unique
40	Coenzyme Q8	C17569	exact_unique
40	PI(15:0_19:1)		unmapped
40	LPC(O-16:1)		unmapped
40	Docodiendioicacid		unmapped
40	Carnitine C15:DC		unmapped
40	Ethylvanillin		unmapped
40	TG(18:0_22:0_18:2)		unmapped
40	Thr-Leu		unmapped
40	Thr-Ile		unmapped
40	TxB3		unmapped
40	LPG(16:0/0:0)		unmapped
40	Dl-2-Aminooctanoic Acid		unmapped
40	LPC(O-18:1)		unmapped
40	TG(18:1_24:1_18:2)		unmapped
40	Hydroxyphenyllactic acid		unmapped
40	TG(18:1_18:1_20:1)		unmapped
40	TG(16:0_18:1_22:4)		unmapped
40	Benzamide	C09815	exact_unique
40	2,4-diacetamino-2,4,6-triphenoxy-D-mannopyranose		unmapped
40	Asp-Leu		unmapped
40	Asp-Ile		unmapped
40	Ile-Asp		unmapped
40	LPC(18:1/0:0)		unmapped
40	LPI(20:3/0:0)		unmapped
40	DG(16:1_18:2)		unmapped
40	TG(16:0_16:1_18:1)		unmapped
40	TG(18:0_18:3_20:2)		unmapped
40	O-Phospho-L-Serine	C01005	exact_unique
40	Tyr-Leu		unmapped
40	Glycochenodeoxycholic acid	C05466	exact_unique
40	PC(18:1_24:1)		unmapped
40	TG(16:0_18:1_22:3)		unmapped
40	TG(18:1_18:2_20:1)		unmapped
40	PG(16:1_17:1)		unmapped
40	Carnitine C15:1		unmapped
40	TG(18:1_18:1_18:1)		unmapped
40	TG(15:0_18:1_20:4)		unmapped
40	Cer(d19:1/24:1)		unmapped
40	4-Hydroxyphenylacetaldehyde	C03765	exact_unique
40	PI(15:0/2:0)		unmapped
40	PG(16:0_16:1)		unmapped
40	Proline betaine	C10172	exact_unique
40	TG(10:0_12:0_18:1)		unmapped
40	Gly-Gln		unmapped
40	Gln-Gly		unmapped
40	TG(16:0_18:4_20:5)		unmapped
40	LPI(16:1/0:0)		unmapped
40	PC(15:0_22:6)		unmapped
40	LPC(0:0/18:2)		unmapped
40	L-Glutamic Acid	C00025	exact_unique
40	TG(17:1_19:2_19:2)		unmapped
40	Glycoursodeoxycholic acid		unmapped
40	PE(18:1_18:1)		unmapped
40	PE(20:2_16:0)		unmapped
40	LPC(0:0/18:1)		unmapped
40	Mandelic Acid		unmapped
40	P–Hydroxyphenyl Acetic Acid		unmapped
40	Carnitine C12:0		unmapped
40	LPC(0:0/20:2)		unmapped
40	SM(d18:0/18:0)		unmapped
40	FFA(15:1)		unmapped
40	TG(16:0_20:1_21:1)		unmapped
40	1-Aminopropan-2-ol	C05771	exact_unique
40	Trimethylamine-N-Oxide		unmapped
40	DG(18:0_18:1)		unmapped
40	Taurocholic acid	C05122	exact_unique
40	TG(8:0_16:0_16:1)		unmapped
40	Methyl-2,4-dihydroxy-3,6-dimethylbenzoate		unmapped
40	PE(16:1_16:0)		unmapped
40	TG(16:0_18:1_19:1)		unmapped
40	1,5-Anhydro-D-Glucitol	C07326	exact_unique
40	L-Rhamnose	C00507	exact_unique
40	PG(16:0_16:2)		unmapped
40	TG(17:0_19:2_19:2)		unmapped
40	Pro-Gly		unmapped
40	PC(O-22:2_20:4)		unmapped
40	Carnitine C16:1-OH		unmapped
40	3-Dehydroshikimate	C02637	exact_unique
40	LNAPE(16:1/N-16:0)		unmapped
40	Hyp-Trp		unmapped
40	N-Acetylaminooctanoic acid		unmapped
40	TG(16:0_18:1_20:2)		unmapped
40	Aniline	C00292	exact_unique
40	L-Homoserine	C00263	exact_unique
40	L-Allothreonine	C05519	exact_unique
40	Cer(d18:1/18:0)		unmapped
40	LPC(20:1/0:0)		unmapped
40	S-Allyl-L-cysteine	C16759	exact_unique
40	PE(18:3_18:1)		unmapped
40	Homovanillic Acid sulfate (sodium salt)		unmapped
40	TG(16:0_18:0_20:1)		unmapped
40	TG(18:1_18:1_22:2)		unmapped
40	TG(16:0_18:1_20:1)		unmapped
40	PG(16:1_16:1)		unmapped
40	TG(16:1_17:1_18:1)		unmapped
40	TG(18:1_20:1_20:1)		unmapped
40	L-Sepiapterin		unmapped
40	2-pyrimidin-2-yl-propionic acid		unmapped
40	LPI(18:1/0:0)		unmapped
40	Cer(d18:1/20:0)		unmapped
40	Cer(t20:2/36:2(2OH))		unmapped
40	9(S)-HpOTrE	C16321	exact_unique
40	TG(16:1_18:0_20:1)		unmapped
40	Carnitine C11:1		unmapped
40	Carnitine C13:0		unmapped
40	4-Methylbenzoic acid	C01454	exact_unique
40	TG(16:1_18:1_20:3)		unmapped
40	TG(18:1_18:3_22:3)		unmapped
40	Cer(t17:2/18:0)		unmapped
40	PC(14:1_18:1)		unmapped
40	Ile-Ile		unmapped
40	1,5-Diaminopentane	C01672	exact_unique
40	TG(16:0_16:0_18:1)		unmapped
40	LPC(19:1/0:0)		unmapped
40	Carnitine C14:1-OH		unmapped
40	LPC(22:6/0:0)		unmapped
40	TG(16:0_16:0_20:4)		unmapped
40	Cer(d18:0/18:0)		unmapped
40	N'-Formylkynurenine		unmapped
40	Coenzyme Q9		unmapped
40	2-Phenylglycine		unmapped
40	Riboflavin	C00255	exact_unique
40	Cortisone	C00762	exact_unique
40	Tricarballylic acid		unmapped
40	Carnitine C10:0		unmapped
40	LPA(20:4)		unmapped
40	Uridine triphosphate (UTP)		unmapped
40	Hydroferulic acid		unmapped
40	TG(16:0_16:1_22:5)		unmapped
40	TG(18:0_18:2_20:2)		unmapped
40	TG(17:1_18:1_18:1)		unmapped
